feature,value,count,successes,success_rate,rate_minus_global,ci95_low_wald,ci95_high_wald
balls_before,0,652052,344002,0.5275683534442038,0.0038023781694412895,0.5263565733483782,0.5287801335400295
balls_before,1,444780,233928,0.5259409146094699,0.00217493933470736,0.5244734482239308,0.527408380995009
balls_before,2,254237,132402,0.5207817902193622,-0.0029841850554003235,0.518839870619758,0.5227237098189664
balls_before,3,124023,62271,0.5020923538375947,-0.02167362143716789,0.4993096232814956,0.5048750843936938
base_state,___,777248,406537,0.5230466980937873,-0.0007192771809751974,0.5219362853764663,0.5241571108111084
base_state,1__,293724,154280,0.5252550012937315,0.001489026018968942,0.5234490682200678,0.5270609343673952
base_state,12_,125831,65598,0.521318276100484,-0.0024476991742785614,0.5185580977460584,0.5240784544549095
base_state,_2_,113627,59639,0.5248664489953973,0.0011004737206347093,0.5219627769962091,0.5277701209945854
base_state,1_3,48839,25782,0.5278977866049673,0.004131811330204793,0.5234702146418443,0.5323253585680904
base_state,123,48408,24985,0.5161336969096018,-0.007632278365160783,0.5116818389682349,0.5205855548509686
base_state,__3,35513,19037,0.5360572184833723,0.012291243208609748,0.5308704104368567,0.5412440265298879
base_state,_23,31902,16745,0.5248887217102376,0.0011227464354750527,0.5194087488635921,0.5303686945568831
batter_hand,2,779345,410161,0.5262893840340286,0.0025234087592660437,0.525180821853375,0.5273979462146822
batter_hand,1,695747,362442,0.520939364452883,-0.002826610821879516,0.5197654965407968,0.5221132323649692
batter_history_n_bin,"1k-4,999",668765,348169,0.5206148647133149,-0.0031511105614476786,0.5194175181638054,0.5218122112628243
batter_history_n_bin,5k+,369478,184229,0.49861967424312137,-0.02514630103164117,0.49700743262147296,0.5002319158647698
batter_history_n_bin,200-999,312962,170112,0.5435548085710086,0.019788833296246033,0.5418096847115487,0.5452999324304685
batter_history_n_bin,50-199,86727,48738,0.5619703206613857,0.038204345386623206,0.5586682423536397,0.5652723989691318
batter_history_n_bin,10-49,29074,16709,0.5747059228176378,0.05093994754287523,0.5690230075328906,0.580388838102385
batter_history_n_bin,1-9,7256,4146,0.5713891951488423,0.0476232198740798,0.5600023083374722,0.5827760819602125
batter_history_n_bin,0,830,500,0.6024096385542169,0.07864366327945438,0.5691144939897642,0.6357047831186696
batter_id,22660,13928,7179,0.5154365307294658,-0.008329444545296716,0.507136596997149,0.5237364644617827
batter_id,22816,13664,6876,0.5032201405152225,-0.020545834759540083,0.49483658697622024,0.5116036940542247
batter_id,23420,13419,6831,0.5090543259557344,-0.01471164931902813,0.5005957981766671,0.5175128537348017
batter_id,21696,12999,6720,0.5169628432956381,-0.0068031319791244105,0.5083722920324641,0.5255533945588121
batter_id,22013,12955,6556,0.5060594365109996,-0.017706538763762936,0.49744998522782313,0.5146688877941761
batter_id,22103,12887,6402,0.49677970047334524,-0.026986274801417298,0.4881471097008344,0.5054122912458561
batter_id,23281,12852,6551,0.5097261126672892,-0.014039862607473363,0.5010832316249421,0.5183689937096363
batter_id,21286,12789,6736,0.5267026350770193,0.002936659802256769,0.5180492193911327,0.5353560507629059
batter_id,22066,12781,6540,0.5116970503090525,-0.012068924965709993,0.5030309285907447,0.5203631720273604
batter_id,23646,12645,6575,0.5199683669434559,-0.003797608331306601,0.5112603343689796,0.5286763995179323
batter_id,21992,12609,6565,0.5206598461416448,-0.0031061291331176966,0.511939882034324,0.5293798102489657
batter_id,23471,12379,6520,0.5266984409079893,0.0029324656332267995,0.5179028853985098,0.5354939964174689
batter_id,22410,12304,6296,0.511703511053316,-0.012062464221446523,0.5028710056997077,0.5205360164069244
batter_id,22130,12230,6171,0.5045789043336059,-0.01918707094115668,0.49571766155863484,0.5134401471085769
batter_id,23578,11681,5908,0.5057786148446195,-0.01798736043014304,0.4967117517626916,0.5148454779265473
batter_id,22102,11662,5772,0.4949408334762476,-0.02882514179851492,0.48586644590309985,0.5040152210493953
batter_id,23476,11510,5998,0.5211120764552563,-0.002653898819506284,0.5119856465818156,0.530238506328697
batter_id,21821,11487,5789,0.5039609993906154,-0.01980497588414709,0.49481756954620604,0.5131044292350249
batter_id,23443,11348,5879,0.5180648572435671,-0.00570111803119544,0.508871317191131,0.5272583972960032
batter_id,22109,11347,5921,0.521811932669428,-0.001954042605334494,0.5126207390632254,0.5310031262756307
batter_id,21818,11303,5963,0.5275590551181102,0.0037930798433476465,0.5183552267130884,0.536762883523132
batter_id,22127,11253,5805,0.515862436683551,-0.007903538591211512,0.506628789960441,0.525096083406661
batter_id,22026,11099,5782,0.5209478331381205,-0.002818142136641999,0.5116538331392905,0.5302418331369506
batter_id,22443,11053,5619,0.5083687686600923,-0.015397206614670256,0.49904857042988016,0.5176889668903044
batter_id,23693,11047,5708,0.5167013668869377,-0.0070646083878248556,0.5073825348728759,0.5260201989009995
batter_id,22126,10967,5750,0.5243001732470137,0.0005341979722511825,0.5149532506371362,0.5336470958568913
batter_id,22779,10947,5492,0.501689960719832,-0.02207601455493058,0.49232348878907106,0.5110564326505929
batter_id,22133,10936,5703,0.5214886613021215,-0.002277313972641082,0.5121260849549302,0.5308512376493127
batter_id,21660,10904,5707,0.5233859134262656,-0.0003800618484969265,0.5140112086115298,0.5327606182410014
batter_id,21990,10729,5636,0.5253052474601547,0.001539272185392182,0.515856167290525,0.5347543276297845
batter_id,22606,10659,5521,0.5179660380898771,-0.005799937184885473,0.5084799467609575,0.5274521294187966
batter_id,23282,10590,5559,0.524929178470255,0.001163203195492457,0.5154179278183046,0.5344404291222054
batter_id,22146,10524,5510,0.5235651843405549,-0.00020079093420766192,0.5140228907065312,0.5331074779745786
batter_id,23901,10438,5205,0.4986587468863767,-0.02510722838838586,0.48906659897750804,0.5082508947952453
batter_id,22455,10327,5424,0.525225137987799,0.001459162713036477,0.5155938228584958,0.5348564531171023
batter_id,22610,10043,5082,0.5060240963855421,-0.017741878889220408,0.49624580845764343,0.5158023843134408
batter_id,22500,9838,5065,0.5148404147184387,-0.008925560556323875,0.5049644100613797,0.5247164193754976
batter_id,21627,9708,5022,0.5173053152039555,-0.006460660070807034,0.5073649825992419,0.5272456478086691
batter_id,22632,9576,4985,0.5205722639933166,-0.0031937112814459656,0.5105661350989524,0.5305783928876807
batter_id,22283,9315,4508,0.4839506172839506,-0.03981535799081193,0.4738019083456763,0.4940993262222249
batter_id,22693,9246,4568,0.49405148172182567,-0.02971449355293687,0.48386044435344183,0.5042425190902096
batter_id,23319,9245,4534,0.49042725797728504,-0.033338717297477505,0.4802368162909074,0.5006176996636627
batter_id,22269,9004,4614,0.5124389160373167,-0.011327059237445813,0.502114300298386,0.5227635317762475
batter_id,22605,8987,4681,0.5208634694558807,-0.002902505818881851,0.5105348971985468,0.5311920417132145
batter_id,23687,8940,4592,0.5136465324384788,-0.010119442836283743,0.5032856797105111,0.5240073851664465
batter_id,23639,8804,4610,0.5236256247160381,-0.00014035055872441138,0.5131928291747994,0.5340584202572769
batter_id,23113,8802,4516,0.5130652124517155,-0.010700762823046994,0.5026231310368869,0.5235072938665442
batter_id,21737,8749,4525,0.5172019659389645,-0.006564009335798038,0.5067309289655898,0.5276730029123392
batter_id,22725,8648,4579,0.529486586493987,0.005720611219224514,0.5189666839480191,0.540006489039955
batter_id,22956,8468,4327,0.5109825224374114,-0.012783452837351161,0.5003354340307958,0.5216296108440269
batter_id,22736,8397,4219,0.5024413481005121,-0.021324627174250432,0.4917468890449016,0.5131358071561226
batter_id,22727,8255,4227,0.5120533010296789,-0.011712674245083599,0.501270258706365,0.5228363433529929
batter_id,23465,8148,4239,0.5202503681885126,-0.0035156070862499833,0.5094025078710253,0.5310982285059999
batter_id,23348,7973,4180,0.5242694092562398,0.0005034339814772304,0.5133070763303031,0.5352317421821764
batter_id,22430,7898,4049,0.5126614332742466,-0.011104542000515916,0.5016377120694305,0.5236851544790627
batter_id,22429,7713,3959,0.5132892519123557,-0.010476723362406792,0.5021344731967443,0.5244440306279672
batter_id,24144,7476,3681,0.4923756019261637,-0.03139037334859884,0.48104270520088616,0.5037084986514413
batter_id,21616,7472,3943,0.527703426124197,0.003937450849434421,0.5163835937906865,0.5390232584577074
batter_id,21520,7459,3727,0.4996648344282075,-0.024101140846555014,0.4883177137271867,0.5110119551292284
batter_id,23413,7433,3942,0.5303376833041841,0.00657170802942153,0.5189916747533689,0.5416836918549992
batter_id,23875,7408,3655,0.49338552915766737,-0.030380446117095172,0.4820004099119272,0.5047706484034076
batter_id,21968,7294,3606,0.4943789415958322,-0.029387033678930363,0.4829049176930349,0.5058529654986295
batter_id,21996,7234,3590,0.49626762510367706,-0.027498350171085484,0.4847457086139387,0.5077895415934154
batter_id,22690,7167,3749,0.5230919492116646,-0.0006740260630979655,0.51152833180854,0.5346555666147892
batter_id,21834,7132,3743,0.5248177229388671,0.001051747664104541,0.5132276874020866,0.5364077584756476
batter_id,22468,7124,3598,0.5050533408197642,-0.018712634454998378,0.4934430810009095,0.5166636006386188
batter_id,21837,6835,3579,0.5236283833211411,-0.00013759195362139653,0.5117878479282024,0.5354689187140799
batter_id,22182,6824,3578,0.5243259085580305,0.0005599332832679771,0.5124766283412201,0.5361751887748409
batter_id,24074,6754,3455,0.5115487118744447,-0.012217263400317813,0.49962724570910216,0.5234701780397872
batter_id,22245,6675,3468,0.5195505617977528,-0.004215413477009711,0.5075647296715021,0.5315363939240035
batter_id,21398,6670,3488,0.5229385307346327,-0.0008274445401298403,0.5109516648492525,0.5349253966200129
batter_id,22315,6619,3421,0.5168454449312585,-0.006920530343504039,0.5048066430761695,0.5288842467863475
batter_id,23410,6605,3631,0.5497350492051476,0.025969073930385056,0.5377364528084239,0.5617336456018713
batter_id,23040,6561,3362,0.5124218869074836,-0.01134408836727896,0.5003268558099372,0.52451691800503
batter_id,24270,6402,3241,0.5062480474851608,-0.017517927789601706,0.4940009174204817,0.51849517754984
batter_id,24087,6348,3249,0.5118147448015122,-0.011951230473250307,0.49951810821807424,0.5241113813849503
batter_id,23840,6058,3220,0.5315285572796302,0.00776258200486768,0.5189625791571145,0.5440945354021459
batter_id,23134,6043,2996,0.4957802416018534,-0.02798573367290913,0.48317403815950716,0.5083864450441997
batter_id,24075,5953,2917,0.4900050394758945,-0.03376093579886802,0.47730598618469333,0.5027040927670957
batter_id,22379,5928,3064,0.5168690958164642,-0.006896879458298311,0.5041479958282847,0.5295901958046437
batter_id,21170,5882,3094,0.5260115606936416,0.0022455854188790925,0.5132508435979386,0.5387722777893447
batter_id,23433,5857,3093,0.5280860508792897,0.004320075604527185,0.5153010072423092,0.5408710945162702
batter_id,22831,5688,3375,0.5933544303797469,0.06958845510498435,0.5805888255970514,0.6061200351624424
batter_id,22768,5664,2989,0.5277189265536724,0.003952951278909822,0.5147173488753204,0.5407205042320243
batter_id,23318,5599,2852,0.509376674406144,-0.01438930086861856,0.49628200735464423,0.5224713414576437
batter_id,21831,5577,3037,0.5445580060964677,0.02079203082170511,0.5314874411657491,0.5576285710271862
batter_id,22436,5539,2768,0.49972919299512547,-0.02403678227963707,0.4865614806859139,0.5128969053043371
batter_id,22739,5519,2824,0.5116868998006885,-0.012079075474074052,0.4984989522514502,0.5248748473499268
batter_id,22287,5462,2742,0.5020139143171,-0.021752060957662578,0.48875381719887967,0.5152740114353203
batter_id,22323,5391,2865,0.5314412910406232,0.0076753157658606685,0.5181204679728683,0.5447621141083782
batter_id,22106,5372,2853,0.5310871183916605,0.00732114311689791,0.5177421658105457,0.5444320709727752
batter_id,22523,5337,2732,0.5118980700768222,-0.011867905197940343,0.49848727647811564,0.5253088636755288
batter_id,23045,5301,2918,0.5504621769477457,0.026696201672983144,0.5370708371559134,0.563853516739578
batter_id,23427,5277,2963,0.5614932726928179,0.03772729741805536,0.5481050498285505,0.5748814955570853
batter_id,23080,5227,2944,0.5632293858810025,0.039463410606239924,0.5497831978602682,0.5766755739017367
batter_id,23720,5172,2774,0.5363495746326373,0.012583599357874786,0.522758740419471,0.5499404088458036
batter_id,22038,5095,2651,0.5203140333660451,-0.0034519419087174485,0.5065958926467317,0.5340321740853585
batter_id,24272,5036,2565,0.5093328038125496,-0.014433171462212901,0.4955255424250512,0.5231400652000481
batter_id,22607,4948,2650,0.5355699272433306,0.011803951968568094,0.5216732975775197,0.5494665569091416
batter_id,24264,4868,2448,0.5028759244042728,-0.020890050870489785,0.488830217334508,0.5169216314740375
batter_id,23778,4712,2402,0.5097623089983022,-0.014003666276460325,0.49548847505025495,0.5240361429463495
batter_id,22756,4688,2451,0.5228242320819113,-0.0009417431928512299,0.5085260996746156,0.537122364489207
batter_id,23464,4686,2388,0.5096030729833547,-0.01416290229140782,0.49528960673148226,0.5239165392352272
batter_id,22612,4683,2428,0.5184710655562673,-0.005294909718495222,0.5041601490152201,0.5327819820973145
batter_id,22671,4650,2504,0.5384946236559139,0.014728648381151399,0.5241658618545973,0.5528233854572305
batter_id,23685,4625,2279,0.49275675675675673,-0.03100921851800581,0.4783480622937178,0.5071654512197956
batter_id,23664,4605,2381,0.5170466883821933,-0.006719286892569287,0.5026136186889116,0.5314797580754749
batter_id,21999,4559,2366,0.5189734590919062,-0.004792516182856366,0.5044697737537887,0.5334771444300237
batter_id,23854,4559,2448,0.5369598596183374,0.013193884343574824,0.522485428414075,0.5514342908225998
batter_id,22732,4546,2300,0.5059392872855257,-0.01782668798923681,0.4914054357928999,0.5204731387781515
batter_id,24354,4509,2411,0.5347083610556664,0.010942385780903896,0.5201491760231339,0.5492675460881989
batter_id,22808,4472,2819,0.6303667262969589,0.10660075102219635,0.6162189773779218,0.644514475215996
batter_id,22424,4460,2358,0.5286995515695068,0.004933576294744224,0.514049402644066,0.5433497004949476
batter_id,24212,4446,2251,0.5062977957714799,-0.01746817950328261,0.4916015335082399,0.52099405803472
batter_id,24072,4388,2171,0.4947584320875114,-0.029007543187251128,0.47996500139829723,0.5095518627767256
batter_id,22963,4363,2280,0.5225762090304836,-0.0011897662442789114,0.507754772098457,0.5373976459625103
batter_id,23089,4354,2297,0.5275608635737253,0.0037948882989627952,0.5127315490070987,0.542390178140352
batter_id,22522,4311,2250,0.5219206680584552,-0.0018453072163073792,0.50700923813026,0.5368320979866503
batter_id,23961,4311,2270,0.5265599628856413,0.0027939876108787898,0.5116552550264948,0.5414646707447879
batter_id,22420,4281,2276,0.5316514832982948,0.007885508023532273,0.5167035363803819,0.5465994302162077
batter_id,23197,4201,2109,0.5020233277791002,-0.02174264749566235,0.4869035231652682,0.5171431323929322
batter_id,22542,4186,2208,0.5274725274725275,0.003706552197764945,0.5123484144734906,0.5425966404715644
batter_id,23583,4174,2180,0.5222807858169621,-0.0014851894578004066,0.5071271017683231,0.5374344698656012
batter_id,23882,4097,2088,0.5096412008786917,-0.01412477439607085,0.4943334163334556,0.5249489854239278
batter_id,23430,3981,2214,0.5561416729464959,0.03237569767173332,0.5407078011641835,0.5715755447288082
batter_id,22950,3950,1991,0.5040506329113924,-0.019715342363370136,0.4884582218356647,0.5196430439871201
batter_id,24439,3936,1858,0.4720528455284553,-0.05171312974630726,0.4564566359267497,0.4876490551301609
batter_id,23855,3789,2116,0.5584586962259172,0.03469272095115461,0.5426471272987273,0.574270265153107
batter_id,22819,3784,2084,0.5507399577167019,0.02697398244193938,0.5348909273408693,0.5665889880925346
batter_id,22664,3648,1914,0.524671052631579,0.0009050773568164416,0.5084652949731341,0.5408768102900239
batter_id,22985,3644,1814,0.4978046103183315,-0.025961364956431032,0.4815703425432562,0.5140388780934069
batter_id,23896,3603,1794,0.49791840133222315,-0.025847573942539392,0.4815920107919955,0.5142447918724508
batter_id,22853,3573,1845,0.5163727959697733,-0.0073931793049892836,0.49998665822210187,0.5327589337174446
batter_id,22839,3551,1770,0.49845114052379613,-0.02531483475096641,0.48200558093043155,0.5148967001171607
batter_id,24301,3519,1811,0.5146348394430236,-0.009131135831738968,0.498121674099553,0.5311480047864942
batter_id,22674,3496,1756,0.5022883295194508,-0.021477645755311747,0.4857140058619303,0.5188626531769713
batter_id,23022,3488,1817,0.5209288990825688,-0.002837076192193755,0.5043499481742462,0.5375078499908914
batter_id,23582,3466,1848,0.5331794575879977,0.009413482313235133,0.5165700755001282,0.5497888396758671
batter_id,22811,3428,2290,0.6680280046674446,0.14426202939268207,0.6522633767916477,0.6837926325432415
batter_id,21400,3321,1772,0.5335742246311352,0.0098082493563727,0.5166070189068864,0.550541430355384
batter_id,22021,3314,1852,0.5588412794206397,0.03507530414587712,0.5419360335044722,0.5757465253368071
batter_id,23349,3187,1611,0.5054910574207719,-0.018274917853990602,0.48813269095178885,0.5228494238897551
batter_id,23645,3133,1733,0.5531439514842005,0.02937797620943794,0.5357347529407496,0.5705531500276514
batter_id,22695,3093,1657,0.5357258325250566,0.011959857250294026,0.518149645486737,0.5533020195633761
batter_id,23195,3040,1569,0.5161184210526316,-0.007647554222130926,0.49835349090770026,0.5338833511975629
batter_id,21708,3034,1700,0.5603164139749506,0.03655043870018804,0.5426546091111518,0.5779782188387493
batter_id,22719,3014,1574,0.522229595222296,-0.0015363800524665905,0.5043965788025854,0.5400626116420065
batter_id,23939,3006,1539,0.5119760479041916,-0.01178992737057094,0.49410677120327195,0.5298453246051112
batter_id,23641,2999,1516,0.5055018339446482,-0.018264141330114336,0.4876076643597982,0.5233960035294982
batter_id,21143,2982,1679,0.5630449362843729,0.03927896100961037,0.5452419782296869,0.5808478943390589
batter_id,23602,2979,1511,0.5072171869754951,-0.016548788299267425,0.48926383371102616,0.525170540239964
batter_id,23948,2961,1526,0.5153664302600472,-0.008399545014715293,0.4973652211199261,0.5333676394001684
batter_id,21822,2945,1561,0.5300509337860781,0.006284958511315608,0.5120250063169981,0.5480768612551582
batter_id,23243,2927,1560,0.5329689101469081,0.009202934872145518,0.514894316420883,0.5510435038729331
batter_id,22432,2924,1615,0.5523255813953488,0.02855960612058628,0.5343017919401514,0.5703493708505463
batter_id,23508,2877,1597,0.5550921098366354,0.03132613456187283,0.5369326167425627,0.5732516029307081
batter_id,23865,2822,1315,0.46598157335223245,-0.05778440192253009,0.4475763937481215,0.48438675295634337
batter_id,24356,2801,1447,0.5166012138521956,-0.007164761422566945,0.49809447034835785,0.5351079573560333
batter_id,24040,2795,1400,0.5008944543828264,-0.022871520891936115,0.4823576667410516,0.5194312420246012
batter_id,22442,2758,1432,0.5192168237853517,-0.004549151489410819,0.5005698676321182,0.5378637799385853
batter_id,22882,2734,1444,0.5281638624725676,0.004397887197805095,0.509451149430343,0.5468765755147923
batter_id,21851,2714,1472,0.5423728813559322,0.01860690608116966,0.5236291518051971,0.5611166109066673
batter_id,23859,2712,1425,0.5254424778761062,0.0016765026013436657,0.5066485199967452,0.5442364357554672
batter_id,23759,2664,1333,0.5003753753753754,-0.023390599899387188,0.48138826639804116,0.5193624843527096
batter_id,22771,2640,1515,0.5738636363636364,0.05009766108887381,0.5549996810616428,0.5927275916656299
batter_id,22697,2640,1505,0.5700757575757576,0.04630978230099503,0.5511907848570308,0.5889607302944844
batter_id,24251,2605,1314,0.5044145873320537,-0.019351387942708853,0.48521440806359645,0.5236147666005109
batter_id,23244,2544,1347,0.5294811320754716,0.005715156800709109,0.5100851718900731,0.5488770922608702
batter_id,23463,2521,1299,0.5152717175723919,-0.008494257702370667,0.4957626289605836,0.5347808061842002
batter_id,24466,2499,1205,0.48219287715086034,-0.0415730981239022,0.4626013924760822,0.5017843618256386
batter_id,22749,2488,1311,0.5269292604501608,0.0031632851753982116,0.5073105668473191,0.5465479540530024
batter_id,24526,2442,1239,0.5073710073710074,-0.016394967903755164,0.48754176830313467,0.5272002464388801
batter_id,22502,2434,1364,0.5603944124897289,0.036628437214966336,0.5406758938860973,0.5801129310933605
batter_id,24273,2434,1214,0.4987674609695974,-0.024998514305165143,0.478903563301295,0.5186313586378998
batter_id,22626,2428,1388,0.57166392092257,0.04789794564780747,0.551980777796609,0.591347064048531
batter_id,22809,2426,1345,0.5544105523495466,0.030644577074784074,0.5346320289384527,0.5741890757606405
batter_id,22807,2418,1653,0.6836228287841191,0.15985685350935652,0.6650858577659677,0.7021597998022704
batter_id,23425,2400,1510,0.6291666666666667,0.10540069139190411,0.6098415250232779,0.6484918083100554
batter_id,23188,2381,1232,0.5174296514069718,-0.006336323867790705,0.4973580350916026,0.5375012677223411
batter_id,23691,2376,1257,0.5290404040404041,0.005274428765641548,0.5089693999705169,0.5491114081102912
batter_id,21945,2371,1265,0.5335301560522986,0.009764180777536047,0.5134493303472307,0.5536109817573664
batter_id,22345,2348,1258,0.5357751277683135,0.012009152493550945,0.5156024987384615,0.5559477567981654
batter_id,23625,2335,1362,0.5832976445396145,0.05953166926485198,0.5633003741940461,0.6032949148851829
batter_id,23688,2329,1210,0.519536281665951,-0.0042296936088115356,0.49924499590854704,0.5398275674233549
batter_id,23606,2322,1184,0.5099052540913006,-0.013860721183461933,0.48957186690714233,0.5302386412754588
batter_id,23911,2320,1233,0.5314655172413794,0.0076995419666168186,0.5111597032130739,0.5517713312696848
batter_id,23404,2319,1340,0.5778352738249245,0.05406929855016196,0.5577328375771113,0.5979377100727377
batter_id,22521,2241,1156,0.5158411423471665,-0.007924832927596048,0.49514987592794185,0.5365324087663912
batter_id,23940,2216,1148,0.5180505415162455,-0.005715433758517019,0.4972460067901365,0.5388550762423545
batter_id,22709,2206,1162,0.5267452402538532,0.0029792649790906234,0.5059098747931389,0.5475806057145675
batter_id,23452,2201,1167,0.530213539300318,0.006447564025555463,0.5093627881578751,0.551064290442761
batter_id,23584,2200,1137,0.5168181818181818,-0.006947793456580698,0.49593633456144964,0.537700029074914
batter_id,24207,2197,1143,0.5202548930359582,-0.003511082238804364,0.49936412501086636,0.54114566106105
batter_id,22775,2192,1213,0.5533759124087592,0.029609937133996622,0.5325637602218695,0.5741880645956489
batter_id,24510,2150,1053,0.4897674418604651,-0.03399853341429743,0.46863664471367217,0.5108982390072581
batter_id,23442,2148,1216,0.5661080074487895,0.04234203217402699,0.5451485807402433,0.5870674341573358
batter_id,24098,2141,1074,0.5016347501167678,-0.022131225157994705,0.48045526388751975,0.522814236346016
batter_id,23776,2136,1101,0.5154494382022472,-0.00831653707251534,0.4942551891593546,0.5366436872451398
batter_id,22288,2126,1189,0.559266227657573,0.035500252382810404,0.5381618813937781,0.5803705739213678
batter_id,24010,2116,1161,0.5486767485822306,0.024910773307468048,0.5274735992543576,0.5698798979101036
batter_id,24194,2100,1097,0.5223809523809524,-0.0013850228938101505,0.5010170340276304,0.5437448707342744
batter_id,24372,2094,1024,0.4890162368672397,-0.03474973840752282,0.4676054354972466,0.5104270382372329
batter_id,24326,2076,1027,0.49470134874759153,-0.02906462652717101,0.4731939437364394,0.5162087537587436
batter_id,24545,2069,958,0.4630256162397293,-0.06074035903503322,0.44153963860305245,0.4845115938764062
batter_id,23549,2057,1099,0.5342732134175985,0.01050723814283594,0.5127163170172505,0.5558301098179464
batter_id,21947,2030,1092,0.5379310344827586,0.014165059207996045,0.5162427723897198,0.5596192965757973
batter_id,24342,2019,1042,0.516097077761268,-0.0076688975134945325,0.49429827036003027,0.5378958851625057
batter_id,23298,2016,1075,0.533234126984127,0.009468151709364436,0.511456060286997,0.555012193681257
batter_id,23525,1995,1038,0.5203007518796993,-0.003465223395063277,0.49837793445808987,0.5422235693013087
batter_id,23466,1981,1046,0.5280161534578496,0.004250178183087039,0.5060324424775405,0.5499998644381586
batter_id,22006,1972,1110,0.5628803245436106,0.03911434926884805,0.5409870447286914,0.5847736043585298
batter_id,24309,1968,980,0.49796747967479676,-0.025798495599965776,0.4758767561474001,0.5200582032021934
batter_id,23321,1953,1035,0.5299539170506913,0.00618794177592874,0.5078181680364251,0.5520896660649575
batter_id,23408,1946,1065,0.5472764645426516,0.023510489267889012,0.5251605666814063,0.5693923624038968
batter_id,23444,1946,1034,0.5313463514902363,0.007580376215473805,0.5091746253322692,0.5535180776482035
batter_id,21448,1942,1096,0.564366632337796,0.04060065706303351,0.5423133777246345,0.5864198869509576
batter_id,23698,1925,1042,0.5412987012987013,0.01753272602393874,0.5190387514336636,0.5635586511637389
batter_id,24341,1913,940,0.4913748039728176,-0.032391171301944965,0.4689719182653641,0.513777689680271
batter_id,22928,1891,950,0.5023796932839767,-0.02138628199078585,0.4798437680864077,0.5249156184815457
batter_id,22628,1883,981,0.5209771640998406,-0.0027888111749219124,0.49841304601816877,0.5435412821815125
batter_id,23274,1863,939,0.5040257648953301,-0.01974021037943241,0.4813215979901324,0.5267299318005279
batter_id,23938,1858,936,0.503767491926803,-0.019998483347959506,0.48103270481852867,0.5265022790350774
batter_id,23193,1849,1004,0.5429962141698216,0.019230238895059037,0.5202899380130938,0.5657024903265494
batter_id,22396,1848,943,0.5102813852813853,-0.013484589993377205,0.48748934220689877,0.5330734283558719
batter_id,24007,1842,895,0.48588490770901194,-0.037881067565750604,0.46306004679840634,0.5087097686196175
batter_id,22969,1833,974,0.5313693398799781,0.007603364605215601,0.5085244833858054,0.5542141963741509
batter_id,22144,1821,1063,0.5837451949478308,0.059979219673068296,0.5611043626569199,0.6063860272387418
batter_id,22332,1778,956,0.5376827896512936,0.013916814376531028,0.5145076002941845,0.5608579790084026
batter_id,21693,1715,894,0.5212827988338192,-0.0024831764409433132,0.4976399272835758,0.5449256703840627
batter_id,21241,1697,828,0.48791985857395404,-0.035846116700808506,0.46413731152974247,0.5117024056181656
batter_id,24050,1687,846,0.5014819205690575,-0.022284054705705048,0.4776221300225415,0.5253417111155735
batter_id,22682,1685,931,0.5525222551928783,0.0287562799181158,0.5287802865547091,0.5762642238310476
batter_id,23978,1681,863,0.5133848899464605,-0.010381085328302064,0.4894910169532536,0.5372787629396674
batter_id,23367,1663,883,0.5309681298857486,0.007202154610986056,0.5069828190711155,0.5549534407003817
batter_id,23757,1644,890,0.5413625304136253,0.017596555138862713,0.5172754574709301,0.5654496033563204
batter_id,22696,1630,1068,0.6552147239263804,0.13144874865161782,0.6321404284913344,0.6782890193614263
batter_id,21600,1629,841,0.516267648864334,-0.00749832641042858,0.4919995613984977,0.5405357363301702
batter_id,23949,1618,845,0.5222496909765142,-0.0015162842982483493,0.49791048551339867,0.5465888964396297
batter_id,23626,1612,842,0.5223325062034739,-0.0014334690712886067,0.49794822694007934,0.5467167854668685
batter_id,24263,1612,803,0.4981389578163772,-0.02562701745838536,0.4737304883065796,0.5225474273261748
batter_id,23505,1599,807,0.5046904315196998,-0.019075543755062707,0.4801838500469667,0.529197012992433
batter_id,23552,1595,846,0.5304075235109718,0.006641548236209216,0.5059145715535277,0.5549004754684158
batter_id,23724,1587,832,0.5242596093257719,0.0004936340510093284,0.49968844025890846,0.5488307783926353
batter_id,23143,1565,812,0.518849840255591,-0.004916135019171541,0.4940950038130541,0.5436046766981278
batter_id,23990,1564,788,0.5038363171355499,-0.019929658139212658,0.47905668141408153,0.5286159528570182
batter_id,23669,1554,863,0.5553410553410554,0.03157508006629284,0.5306338302848198,0.580048280397291
batter_id,23735,1487,765,0.5144586415601883,-0.009307333714574262,0.48905541187518786,0.5398618712451887
batter_id,24548,1478,722,0.4884979702300406,-0.03526800504472194,0.4630135993524646,0.5139823411076165
batter_id,24180,1468,751,0.5115803814713896,-0.012185593803372918,0.48600945082556807,0.5371513121172112
batter_id,22394,1467,803,0.547375596455351,0.023609621180588514,0.5219042025019162,0.572846990408786
batter_id,24016,1452,857,0.5902203856749312,0.06645441040016864,0.564924199982586,0.6155165713672763
batter_id,23418,1444,948,0.6565096952908587,0.13274372001609613,0.6320162268554392,0.6810031637262781
batter_id,23234,1429,869,0.6081175647305809,0.08435158945581833,0.582806429165123,0.6334287002960387
batter_id,21461,1417,767,0.5412844036697247,0.017518428394962204,0.5153392853084345,0.567229522031015
batter_id,22872,1416,775,0.547316384180791,0.02355040890602844,0.5213900534198748,0.5732427149417072
batter_id,21980,1381,757,0.5481535119478639,0.02438753667310134,0.5219049335049893,0.5744020903907384
batter_id,23681,1362,714,0.5242290748898678,0.00046309961510526687,0.4977058077909184,0.5507523419888173
batter_id,22333,1353,773,0.5713229859571323,0.04755701068236973,0.544952804381465,0.5976931675327996
batter_id,23436,1349,725,0.5374351371386212,0.013669161863858692,0.5108279205444525,0.56404235373279
batter_id,22781,1335,726,0.5438202247191011,0.020054249444338534,0.5171017827550327,0.5705386666831694
batter_id,22576,1322,707,0.5347957639939486,0.011029788719186029,0.5079079092415681,0.561683618746329
batter_id,24221,1287,721,0.5602175602175602,0.036451584942797655,0.5330991579316746,0.5873359625034458
batter_id,20946,1285,735,0.5719844357976653,0.048218460522902795,0.5449307529692389,0.5990381186260918
batter_id,24041,1272,658,0.5172955974842768,-0.0064703777904857596,0.489834206166963,0.5447569888015905
batter_id,22016,1259,565,0.448768864177919,-0.07499711109684354,0.4212948931882044,0.4762428351676336
batter_id,24162,1256,769,0.6122611464968153,0.08849517122205275,0.5853148389160947,0.6392074540775359
batter_id,23034,1250,709,0.5672,0.0434340247252375,0.53973290042169,0.5946670995783101
batter_id,24398,1246,587,0.471107544141252,-0.05265843113351054,0.44339089234740175,0.49882419593510224
batter_id,24005,1238,684,0.5525040387722132,0.028738063497450672,0.5248054248081575,0.5802026527362689
batter_id,22025,1235,648,0.5246963562753036,0.0009303810005411028,0.49684398418008774,0.5525487283705195
batter_id,24245,1222,692,0.5662847790507365,0.042518803775973946,0.5384978696839204,0.5940716884175525
batter_id,23227,1201,782,0.6511240632805995,0.12735808800583692,0.6241682804843164,0.6780798460768825
batter_id,23526,1196,630,0.5267558528428093,0.002989877568046806,0.4984590224180113,0.5550526832676074
batter_id,22728,1195,587,0.49121338912133894,-0.0325525861534236,0.46286848099308875,0.5195582972495891
batter_id,23405,1182,621,0.5253807106598984,0.0016147353851359014,0.4969127021318363,0.5538487191879605
batter_id,21892,1172,636,0.5426621160409556,0.01889614076619306,0.5141404029733989,0.5711838291085123
batter_id,23407,1170,629,0.5376068376068376,0.013840862332075043,0.5090374300834217,0.5661762451302534
batter_id,24542,1170,561,0.4794871794871795,-0.044278795787583036,0.45086073860356185,0.5081136203707971
batter_id,23001,1166,581,0.49828473413379076,-0.025481241140971778,0.46958523979075556,0.526984228476826
batter_id,24569,1165,555,0.47639484978540775,-0.04737112548935479,0.4477148864111687,0.5050748131596469
batter_id,22800,1136,763,0.6716549295774648,0.1478889543027022,0.6443459634248795,0.69896389573005
batter_id,23705,1130,603,0.5336283185840708,0.009862343309308241,0.5045410882626074,0.5627155489055342
batter_id,24490,1119,499,0.4459338695263628,-0.07783210574839972,0.4168094646964678,0.47505827435625786
batter_id,23179,1111,651,0.585958595859586,0.062192620584823444,0.5569948723461658,0.6149223193730061
batter_id,24500,1109,523,0.4715960324616772,-0.052169942813085346,0.4422155850809536,0.5009764798424008
batter_id,23760,1080,613,0.5675925925925925,0.04382661731783,0.538045883540645,0.5971393016445401
batter_id,23718,1045,573,0.5483253588516747,0.02455938357691212,0.518151563118147,0.5784991545852023
batter_id,23108,1042,555,0.5326295585412668,0.008863583266504271,0.5023349416260223,0.5629241754565113
batter_id,23841,1042,618,0.5930902111324377,0.06932423585767511,0.5632616943453966,0.6229187279194787
batter_id,22716,1042,556,0.5335892514395394,0.00982327616477685,0.503298501668221,0.5638800012108578
batter_id,24139,1039,558,0.5370548604427334,0.013288885167970887,0.5067353358249196,0.5673743850605473
batter_id,24177,1032,533,0.5164728682170543,-0.007293107057708248,0.4859833611717055,0.5469623752624031
batter_id,22817,1025,657,0.6409756097560976,0.11720963448133503,0.6116074409777742,0.670343778534421
batter_id,22748,1023,551,0.5386119257086999,0.014845950433937327,0.5080634588204905,0.5691603925969092
batter_id,24160,1023,641,0.6265884652981427,0.10282249002338018,0.5969467510004115,0.6562301795958739
batter_id,24400,1023,490,0.4789833822091887,-0.04478259306557386,0.4483704968365895,0.5095962675817878
batter_id,24150,1020,492,0.4823529411764706,-0.041413034098291945,0.4516870686274083,0.5130188137255329
batter_id,22353,1019,556,0.5456329735034348,0.02186699822867222,0.5150610554614076,0.576204891545462
batter_id,22943,1007,517,0.5134061569016882,-0.010359818373074314,0.4825348384948874,0.5442774753084891
batter_id,24462,1002,541,0.5399201596806387,0.016154184405876126,0.5090596151898985,0.5707807041713788
batter_id,24496,998,486,0.48697394789579157,-0.03679202737897097,0.45596311901485753,0.5179847767767256
batter_id,22208,991,535,0.5398587285570131,0.01609275328225057,0.5088270761507944,0.5708903809632319
batter_id,24023,981,521,0.5310907237512742,0.0073247484765116555,0.4998622803031331,0.5623191671994152
batter_id,23750,977,498,0.5097236438075742,-0.014042331467188363,0.47837659544983374,0.5410706921653146
batter_id,23330,976,575,0.5891393442622951,0.06537336898753254,0.5582728395318347,0.6200058489927555
batter_id,23116,974,542,0.5564681724845996,0.032702197209837025,0.5252678449831201,0.5876684999860791
batter_id,21617,965,546,0.5658031088082901,0.04203713353352756,0.5345301887863093,0.5970760288302709
batter_id,24054,958,524,0.5469728601252609,0.023206884850498377,0.5154505297816181,0.5784951904689037
batter_id,23529,948,516,0.5443037974683544,0.020537822193591904,0.5126000726636903,0.5760075222730185
batter_id,23396,934,476,0.5096359743040685,-0.014130000970694057,0.47757535019005515,0.5416965984180818
batter_id,24191,934,429,0.4593147751605996,-0.06445120011416294,0.427354530726871,0.4912750195943282
batter_id,23153,932,583,0.6255364806866953,0.10177050541193278,0.5944637662597566,0.656609195113634
batter_id,23670,932,518,0.555793991416309,0.03202801614154649,0.5238935088151745,0.5876944740174436
batter_id,23472,931,509,0.5467239527389903,0.022957977464227786,0.514746293774899,0.5787016117030817
batter_id,23734,923,508,0.5503791982665223,0.026613222991759722,0.5182862641676608,0.5824721323653838
batter_id,23662,919,512,0.5571273122959739,0.03336133702121136,0.5250117899983417,0.589242834593606
batter_id,22830,907,528,0.5821389195148843,0.05837294424012174,0.5500406435175285,0.6142371955122401
batter_id,24149,907,482,0.5314222712238148,0.007656295949052261,0.49894622694148666,0.563898315506143
batter_id,20889,901,422,0.4683684794672586,-0.055397495807503916,0.43578534452221984,0.5009516144122974
batter_id,23553,889,519,0.5838020247469067,0.06003604947214414,0.551398819562317,0.6162052299314964
batter_id,23186,884,496,0.5610859728506787,0.0373199975759162,0.5283719181984329,0.5938000275029246
batter_id,22281,877,592,0.6750285062713797,0.15126253099661713,0.6440300572630971,0.7060269552796622
batter_id,23864,877,437,0.4982896237172178,-0.02547635155754474,0.4651975686738486,0.531381678760587
batter_id,23715,873,425,0.4868270332187858,-0.03693894205597675,0.4536705715711365,0.519983494866435
batter_id,23733,872,476,0.5458715596330275,0.02210558435826493,0.5128245312626754,0.5789185880033796
batter_id,23347,860,467,0.5430232558139535,0.019257280539190957,0.5097294754687128,0.5763170361591942
batter_id,23919,859,429,0.49941792782305006,-0.024348047451712485,0.4659807819778073,0.5328550736682928
batter_id,23842,857,481,0.5612602100350058,0.03749423476024327,0.5280362573875688,0.5944841626824429
batter_id,22813,856,517,0.6039719626168224,0.08020598734205986,0.571208443349539,0.6367354818841058
batter_id,22841,856,456,0.5327102803738317,0.008944305099069183,0.4992863251115275,0.566134235636136
batter_id,22613,851,581,0.6827262044653349,0.1589602291905724,0.6514559309823509,0.713996477948319
batter_id,23701,851,530,0.6227967097532315,0.099030734478469,0.5902316272918964,0.6553617922145667
batter_id,23768,850,484,0.5694117647058824,0.045645789431119854,0.5361235191601599,0.6027000102516049
batter_id,24479,850,375,0.4411764705882353,-0.08258950468652726,0.4077961793542471,0.47455676182222345
batter_id,23706,848,450,0.5306603773584906,0.006894402083728046,0.4970703710120992,0.5642503837048819
batter_id,24022,841,443,0.5267538644470868,0.0029878891723242873,0.4930091718041044,0.5604985570900692
batter_id,24008,834,462,0.5539568345323741,0.030190859257611558,0.5202203789273291,0.5876932901374191
batter_id,24159,833,387,0.4645858343337335,-0.059180140941029025,0.4307161241015366,0.49845554456593044
batter_id,23300,830,425,0.5120481927710844,-0.011717782503678165,0.47804177315422036,0.5460546123879484
batter_id,23844,826,391,0.47336561743341404,-0.0504003578413485,0.43931546914927055,0.5074157657175575
batter_id,23989,825,388,0.4703030303030303,-0.05346294497173226,0.4362440430672694,0.5043620175387912
batter_id,22763,815,474,0.5815950920245399,0.05782911674977731,0.5477273675032749,0.6154628165458048
batter_id,23635,810,413,0.5098765432098765,-0.01388943206488602,0.4754495715326543,0.5443035148870987
batter_id,22986,810,445,0.5493827160493827,0.025616740774620173,0.5151173811566643,0.5836480509421011
batter_id,24464,809,423,0.522867737948084,-0.000898237326678486,0.4884488269759043,0.5572866489202638
batter_id,22934,805,492,0.6111801242236025,0.08741414894883992,0.5775043979363866,0.6448558505108183
batter_id,22886,804,457,0.568407960199005,0.04464198492424243,0.5341710285611834,0.6026448918368266
batter_id,23752,797,498,0.6248431618569636,0.1010771865822011,0.5912292656436408,0.6584570580702865
batter_id,23975,797,422,0.5294855708908407,0.005719595616078155,0.4948326020068713,0.5641385397748101
batter_id,24090,795,459,0.5773584905660377,0.05359251529127518,0.5430199874213755,0.6116969937107
batter_id,24308,789,392,0.4968314321926489,-0.026934543082113627,0.46194320888591356,0.5317196554993843
batter_id,24304,780,368,0.4717948717948718,-0.05197110347989076,0.43676111710457255,0.506828626485171
batter_id,23726,757,444,0.5865257595772787,0.06275978430251616,0.5514444412092511,0.6216070779453063
batter_id,24480,756,350,0.46296296296296297,-0.060803012311799576,0.427418626026843,0.49850729989908293
batter_id,22382,754,457,0.6061007957559682,0.08233482048120566,0.5712240964329995,0.6409774950789369
batter_id,23965,751,406,0.5406125166444741,0.016846541369711532,0.5049699697086553,0.5762550635802929
batter_id,22777,749,444,0.5927903871829105,0.06902441190814801,0.5576039941442391,0.627976780221582
batter_id,23671,743,383,0.5154777927321669,-0.008288182542595668,0.47954230959926936,0.5514132758650644
batter_id,24019,742,359,0.4838274932614555,-0.03993848201330702,0.44786938590495196,0.5197856006179591
batter_id,23667,739,389,0.5263870094722598,0.002621034197497263,0.49038736294022883,0.5623866560042908
batter_id,24492,738,339,0.45934959349593496,-0.06441638177882758,0.4233947149911065,0.49530447200076344
batter_id,22514,729,405,0.5555555555555556,0.03178958028079304,0.5194840062888924,0.5916271048222188
batter_id,24348,728,345,0.4739010989010989,-0.04986487637366366,0.4376293967194616,0.5101728010827362
batter_id,24068,726,375,0.5165289256198347,-0.007237049654927885,0.480177593341531,0.5528802578981383
batter_id,23064,725,398,0.5489655172413793,0.02519954196661678,0.512744180496673,0.5851868539860856
batter_id,22160,724,402,0.5552486187845304,0.031482643509767816,0.5190502346478312,0.5914470029212295
batter_id,23970,722,360,0.4986149584487535,-0.025151016826009065,0.46214327492907015,0.5350866419684368
batter_id,22822,712,404,0.5674157303370787,0.043649755062316165,0.5310240489364987,0.6038074117376587
batter_id,23521,705,391,0.5546099290780142,0.030843953803251667,0.5179217971903819,0.5912980609656465
batter_id,23881,697,362,0.5193687230989957,-0.004397252175766808,0.48227643767602524,0.5564610085219662
batter_id,24086,685,343,0.5007299270072992,-0.023036048267463305,0.4632860916318798,0.5381737623827186
batter_id,24630,685,338,0.49343065693430654,-0.030335318340455997,0.45599001367450787,0.5308713001941052
batter_id,22374,680,445,0.6544117647058824,0.13064578943111982,0.618667477671912,0.6901560517398527
batter_id,22392,680,376,0.5529411764705883,0.02917520119582573,0.5155711490458563,0.5903112038953202
batter_id,22773,679,478,0.7039764359351989,0.18021046066043633,0.6696393538289452,0.7383135180414525
batter_id,22737,676,467,0.6908284023668639,0.1670624270921014,0.6559892475404278,0.7256675571933001
batter_id,23739,676,328,0.48520710059171596,-0.038558874683046584,0.4475312929166989,0.522882908266733
batter_id,21278,660,364,0.5515151515151515,0.027749176240388973,0.5135717103465127,0.5894585926837903
batter_id,23847,651,382,0.5867895545314901,0.06302357925672752,0.5489633810553954,0.6246157280075847
batter_id,21865,643,377,0.5863141524105754,0.06254817713581284,0.5482469373732879,0.6243813674478629
batter_id,23702,640,387,0.6046875,0.0809215247252375,0.5668082079609339,0.6425667920390662
batter_id,23976,636,322,0.5062893081761006,-0.017476667098661913,0.4674328548056395,0.5451457615465618
batter_id,22571,633,324,0.5118483412322274,-0.011917634042535097,0.4729077759980877,0.5507889064663672
batter_id,24353,629,302,0.48012718600953896,-0.043638789265223576,0.44108290309579756,0.5191714689232804
batter_id,22553,627,334,0.532695374800638,0.008929399525875459,0.49364170916183353,0.5717490404394425
batter_id,24582,626,298,0.476038338658147,-0.047727636616615554,0.4369146652016922,0.5151620121146018
batter_id,23835,621,319,0.5136876006441223,-0.010078374630640208,0.4743762935660546,0.5529989077221901
batter_id,24426,620,304,0.49032258064516127,-0.033443394629601275,0.45097220611798783,0.5296729551723347
batter_id,23957,614,346,0.5635179153094463,0.03975194003468374,0.5242887596254195,0.602747070993473
batter_id,24143,606,328,0.5412541254125413,0.017488150137778713,0.5015800828481856,0.580928167976897
batter_id,24210,600,324,0.54,0.016234024725237495,0.5001198996992234,0.5798801003007766
batter_id,21174,599,369,0.6160267111853088,0.09226073591054629,0.577078013682048,0.6549754086885696
batter_id,24148,599,335,0.5592654424040067,0.03549946712924412,0.5195060073598242,0.5990248774481891
batter_id,24091,593,320,0.5396290050590219,0.015863029784259353,0.4995118299642854,0.5797461801537585
batter_id,24155,589,336,0.5704584040747029,0.0466924287999404,0.5304811437294591,0.6104356644199468
batter_id,24158,573,303,0.5287958115183246,0.005029836243562014,0.48792367552151167,0.5696679475151374
batter_id,22344,571,322,0.563922942206655,0.04015696693189241,0.523247758939335,0.604598125473975
batter_id,24128,564,349,0.6187943262411347,0.09502835096637219,0.5787104826507445,0.6588781698315249
batter_id,22766,563,370,0.6571936056838366,0.13342763040907402,0.6179857586073101,0.696401452760363
batter_id,23551,562,326,0.5800711743772242,0.05630519910246168,0.5392658908770147,0.6208764578774337
batter_id,23290,557,330,0.59245960502693,0.06869362975216742,0.5516518054882299,0.63326740456563
batter_id,21511,548,301,0.5492700729927007,0.025504097717938157,0.5076102943459345,0.5909298516394669
batter_id,23474,536,290,0.5410447761194029,0.017278800844640396,0.49885808731639225,0.5832314649224136
batter_id,24350,531,234,0.4406779661016949,-0.08308800917306763,0.3984499728871256,0.48290595931626423
batter_id,23562,530,310,0.5849056603773585,0.06113968510259593,0.5429554199441092,0.6268559008106077
batter_id,23579,522,240,0.45977011494252873,-0.06399586033223381,0.4170157468596346,0.5025244830254229
batter_id,23918,511,265,0.5185909980430529,-0.0051749772317096765,0.47526832833349686,0.5619136677526089
batter_id,24163,508,274,0.5393700787401575,0.01560410346539498,0.4960246090768046,0.5827155484035104
batter_id,24274,500,272,0.544,0.0202340247252375,0.5003430953364764,0.5876569046635237
batter_id,23723,497,278,0.5593561368209256,0.03559016154616301,0.5157079765184542,0.6030042971233969
batter_id,23470,491,249,0.5071283095723014,-0.01663766570246117,0.462906023497776,0.5513505956468268
batter_id,22774,490,345,0.7040816326530612,0.1803156573782987,0.6636654306079024,0.7444978346982201
batter_id,23144,490,316,0.6448979591836734,0.12113198390891089,0.602525846675948,0.6872700716913989
batter_id,23028,483,286,0.5921325051759835,0.06836652990122094,0.5483045201221407,0.6359604902298263
batter_id,22852,478,312,0.6527196652719666,0.12895368999720402,0.6100375860592822,0.695401744484651
batter_id,24214,468,244,0.5213675213675214,-0.002398453907241138,0.4761083900471816,0.5666266526878612
batter_id,24632,466,202,0.4334763948497854,-0.09028958042497714,0.38848236993378643,0.47847041976578436
batter_id,24413,457,216,0.4726477024070022,-0.05111827286776033,0.42687388128528725,0.5184215235287172
batter_id,22893,456,264,0.5789473684210527,0.055181393146290114,0.5336303440626484,0.6242643927794569
batter_id,23241,454,262,0.5770925110132159,0.05332653573845336,0.5316488248325217,0.6225361971939101
batter_id,24315,448,221,0.49330357142857145,-0.03046240384619109,0.4470070761128823,0.5396000667442605
batter_id,24297,437,251,0.5743707093821511,0.05060473410738853,0.5280124363743944,0.6207289823899077
batter_id,24371,433,203,0.46882217090069284,-0.054943804374069705,0.42181802520068173,0.515826316600704
batter_id,23945,432,256,0.5925925925925926,0.06882661731783002,0.5462578486122859,0.6389273365728992
batter_id,22959,429,255,0.5944055944055944,0.07063961913083183,0.547941781338408,0.6408694074727808
batter_id,24567,425,213,0.5011764705882353,-0.022589504686527206,0.4536396196715592,0.5487133215049115
batter_id,24242,417,225,0.539568345323741,0.015802370048978442,0.4917280488583383,0.5874086417891436
batter_id,24093,412,275,0.6674757281553398,0.1437097528805773,0.6219835346490006,0.7129679216616791
batter_id,24402,410,162,0.3951219512195122,-0.12864402405525033,0.34779989207966666,0.44244401035935776
batter_id,24145,398,227,0.5703517587939698,0.04658578351920728,0.5217174836947728,0.6189860338931669
batter_id,23524,396,247,0.6237373737373737,0.09997139846261116,0.5760223764685638,0.6714523710061836
batter_id,22137,394,225,0.5710659898477157,0.047300014572953186,0.5221955385038463,0.6199364411915852
batter_id,23838,393,252,0.6412213740458015,0.11745539877103894,0.593799679095339,0.6886430689962639
batter_id,23900,385,224,0.5818181818181818,0.05805220654341925,0.5325459851817174,0.6310903784546462
batter_id,23546,384,256,0.6666666666666666,0.1429006913919041,0.6195163946828472,0.713816938650486
batter_id,22900,379,203,0.5356200527704486,0.01185407749568601,0.48540873616693814,0.585831369373959
batter_id,24418,378,193,0.5105820105820106,-0.01318396469275196,0.46018753962695425,0.5609764815370669
batter_id,24345,376,158,0.42021276595744683,-0.10355320931731571,0.3703207452131329,0.47010478670176076
batter_id,23742,374,222,0.5935828877005348,0.06981691242577226,0.5438037981423941,0.6433619772586755
batter_id,23264,373,220,0.5898123324396782,0.06604635716491569,0.5398951711810638,0.6397294936982927
batter_id,23789,372,199,0.5349462365591398,0.011180261284377213,0.4842598593483083,0.5856326137699712
batter_id,24031,370,196,0.5297297297297298,0.005963754454967218,0.4788720965466954,0.5805873629127641
batter_id,22679,361,229,0.6343490304709142,0.11058305519615164,0.5846669269667215,0.6840311339751068
batter_id,23905,356,182,0.5112359550561798,-0.012530020218582738,0.4593091750714612,0.5631627350408984
batter_id,24132,355,197,0.5549295774647888,0.03116360219002623,0.5032314041289963,0.6066277508005813
batter_id,24352,355,171,0.48169014084507045,-0.042075834429692094,0.42971202790032964,0.5336682537898113
batter_id,23746,349,243,0.6962750716332379,0.17250909635847533,0.6480276621128428,0.744522481153633
batter_id,23980,346,220,0.6358381502890174,0.11207217501425482,0.5851345805947326,0.6865417199833022
batter_id,21131,341,170,0.49853372434017595,-0.025232250934586586,0.44546397715253216,0.5516034715278197
batter_id,22574,340,189,0.5558823529411765,0.03211637766641395,0.5030673787956227,0.6086973270867303
batter_id,23531,339,185,0.5457227138643068,0.021956738589544278,0.4927194335213651,0.5987259942072486
batter_id,23132,337,213,0.6320474777448071,0.10828150247004453,0.5805587851470885,0.6835361703425257
batter_id,21848,333,196,0.5885885885885885,0.064822613313826,0.5357345666844326,0.6414426104927444
batter_id,23146,325,210,0.6461538461538462,0.12238787087908365,0.5941674637066574,0.698140228601035
batter_id,23700,323,192,0.5944272445820433,0.07066126930728078,0.5408798246600269,0.6479746645040597
batter_id,24130,320,176,0.55,0.026234024725237504,0.49549094111984693,0.6045090588801532
batter_id,22104,319,205,0.6426332288401254,0.11886725356536287,0.5900436850978111,0.6952227725824397
batter_id,23992,317,182,0.5741324921135647,0.05036651683880211,0.5196985538669694,0.6285664303601599
batter_id,23467,314,190,0.6050955414012739,0.08132956612651132,0.5510264287448174,0.6591646540577303
batter_id,23906,313,157,0.5015974440894568,-0.022168531185305707,0.44620485173978147,0.5569900364391321
batter_id,23899,313,171,0.5463258785942492,0.02255990331948665,0.4911712718455181,0.6014804853429803
batter_id,21835,312,183,0.5865384615384616,0.06277248626369902,0.5318941976025695,0.6411827254743536
batter_id,24134,311,209,0.6720257234726688,0.14825974819790622,0.6198475686880786,0.724203878257259
batter_id,23004,308,169,0.5487012987012987,0.02493532342653615,0.49312613520269694,0.6042764621999005
batter_id,24375,307,142,0.46254071661237783,-0.06122525866238471,0.4067663493049903,0.5183150839197654
batter_id,22002,303,190,0.6270627062706271,0.10329673099586456,0.5726114190564348,0.6815139934848194
batter_id,24491,302,146,0.48344370860927155,-0.04032226666549099,0.42708196967294554,0.5398054475455976
batter_id,23242,299,210,0.7023411371237458,0.17857516184898325,0.6505143914188943,0.7541678828285973
batter_id,22745,298,175,0.587248322147651,0.06348234687288845,0.5313494229781183,0.6431472213171837
batter_id,24501,298,142,0.47651006711409394,-0.0472559081606686,0.419802874594172,0.5332172596340159
batter_id,24095,296,194,0.6554054054054054,0.13163943013064283,0.6012652552898052,0.7095455555210055
batter_id,23435,295,200,0.6779661016949152,0.15420012642015268,0.6246449099007564,0.7312872934890741
batter_id,24532,290,144,0.496551724137931,-0.027214251136831513,0.43900551119304787,0.5540979370828142
batter_id,23299,281,167,0.594306049822064,0.07054007454730149,0.5368934448157883,0.6517186548283398
batter_id,24227,271,144,0.5313653136531366,0.00759933837837401,0.47195179935533726,0.5907788279509358
batter_id,24046,270,166,0.6148148148148148,0.09104883954005227,0.5567676331126732,0.6728619965169564
batter_id,24383,270,131,0.48518518518518516,-0.03858079008957738,0.42557047004674436,0.544799900323626
batter_id,21381,268,158,0.5895522388059702,0.06578626353120764,0.530657192664239,0.6484472849477013
batter_id,23712,263,130,0.49429657794676807,-0.029469397327994473,0.4338711207267655,0.5547220351667707
batter_id,23147,263,165,0.6273764258555133,0.1036104505807508,0.5689408324533515,0.6858120192576752
batter_id,21458,260,135,0.5192307692307693,-0.004535206043993267,0.45849871933627123,0.5799628191252674
batter_id,24296,257,134,0.5214007782101168,-0.0023651970646457743,0.460326078368599,0.5824754780516345
batter_id,23341,251,150,0.5976095617529881,0.07384358647822553,0.5369426614835962,0.65827646202238
batter_id,23507,250,105,0.42,-0.10376597527476256,0.35881785358456275,0.4811821464154372
batter_id,24034,250,164,0.656,0.1322340247252375,0.597113301250622,0.714886698749378
batter_id,24077,249,133,0.5341365461847389,0.010370570909976395,0.47217648102491105,0.5960966113445668
batter_id,23608,247,154,0.6234817813765182,0.09971580610175568,0.5630573633585234,0.683906199394513
batter_id,22454,245,128,0.5224489795918368,-0.001316995682925759,0.4599022134149698,0.5849957457687038
batter_id,24481,244,119,0.48770491803278687,-0.03606105724197567,0.4249858178419782,0.5504240182235955
batter_id,24278,243,115,0.4732510288065844,-0.05051494646817817,0.41047402761368124,0.5360280299994875
batter_id,23253,239,133,0.5564853556485355,0.03271938037377298,0.49350023391794196,0.6194704773791291
batter_id,23212,231,164,0.70995670995671,0.18619073468194747,0.6514376384336608,0.7684757814797593
batter_id,23483,228,118,0.5175438596491229,-0.006222115625639679,0.45268173849508486,0.5824059808031609
batter_id,24255,221,116,0.5248868778280543,0.0011209025532917805,0.45904665303601416,0.5907271026200944
batter_id,24529,221,79,0.3574660633484163,-0.16629991192634624,0.29427940637769257,0.42065272031914
batter_id,24299,218,132,0.6055045871559633,0.0817386118812008,0.5406250829894959,0.6703840913224308
batter_id,22148,217,129,0.5944700460829493,0.07070407080818675,0.5291415498001495,0.6597985423657491
batter_id,22439,217,118,0.543778801843318,0.02001282656855541,0.4775075656899331,0.6100500379967029
batter_id,24106,216,141,0.6527777777777778,0.12901180250301525,0.5892862711756492,0.7162692843799063
batter_id,22101,209,85,0.40669856459330145,-0.11706741068146109,0.3401012147025142,0.4732959144840887
batter_id,23205,207,125,0.6038647342995169,0.08009875902475438,0.5372358584690387,0.6704936101299952
batter_id,22902,206,129,0.6262135922330098,0.10244761695824722,0.5601449383224688,0.6922822461435507
batter_id,24101,206,101,0.49029126213592233,-0.033474713138840206,0.42202430000759256,0.5585582242642521
batter_id,23432,204,131,0.6421568627450981,0.11839088747033555,0.5763747378278512,0.707938987662345
batter_id,23986,201,115,0.572139303482587,0.04837332820782447,0.5037386688770408,0.6405399380881333
batter_id,24403,201,86,0.42786069651741293,-0.09590527875734961,0.35946006191186675,0.4962613311229591
batter_id,23756,200,132,0.66,0.1362340247252375,0.5943473138401787,0.7256526861598214
batter_id,24507,199,88,0.44221105527638194,-0.0815549199983806,0.37320625833757337,0.5112158522151905
batter_id,21786,197,125,0.6345177664974619,0.1107517912226994,0.5672699810845463,0.7017655519103776
batter_id,22460,195,107,0.5487179487179488,0.024951973443186226,0.47887261781463974,0.6185632796212578
batter_id,22767,195,104,0.5333333333333333,0.009567358058570785,0.46331020325163286,0.6033564634150338
batter_id,24443,195,94,0.48205128205128206,-0.04171469322348048,0.4119172563765605,0.5521853077260036
batter_id,23861,194,114,0.5876288659793815,0.06386289070461892,0.5183579555488357,0.6568997764099272
batter_id,24225,194,123,0.634020618556701,0.11025464328193846,0.5662353678666273,0.7018058692467747
batter_id,24171,189,109,0.5767195767195767,0.0529536014448142,0.5062792101165585,0.647159943322595
batter_id,24574,188,81,0.4308510638297872,-0.09291491144497532,0.3600640330710031,0.5016380945885713
batter_id,22683,186,122,0.6559139784946236,0.1321480032198611,0.5876397883445575,0.7241881686446897
batter_id,23649,184,97,0.5271739130434783,0.0034079377687157297,0.45503413026284656,0.59931369582411
batter_id,23839,183,110,0.6010928961748634,0.07732692090010085,0.5301453777619034,0.6720404145878234
batter_id,23913,182,124,0.6813186813186813,0.1575527060439188,0.6136209946039414,0.7490163680334213
batter_id,24006,182,117,0.6428571428571429,0.11909116758238036,0.5732428207233043,0.7124714649909815
batter_id,23395,181,118,0.6519337016574586,0.12816772638269602,0.582535296920152,0.7213321063947651
batter_id,22684,178,105,0.5898876404494382,0.06612166517467566,0.5176302709025795,0.6621450099962969
batter_id,24000,177,121,0.6836158192090396,0.15984984393427704,0.6151012596130275,0.7521303788050516
batter_id,23753,176,96,0.5454545454545454,0.021688570179782873,0.4718901484211022,0.6190189424879886
batter_id,23788,172,88,0.5116279069767442,-0.012138068298018334,0.436923816925757,0.5863319970277314
batter_id,23971,172,86,0.5,-0.02376597527476254,0.4252757005370237,0.5747242994629763
batter_id,24260,170,74,0.43529411764705883,-0.08847185762770371,0.3607635951831028,0.5098246401110149
batter_id,24103,169,119,0.7041420118343196,0.18037603655955703,0.6353267926803338,0.7729572309883054
batter_id,23780,167,102,0.6107784431137725,0.08701246783900995,0.536828451541663,0.684728434685882
batter_id,24287,167,90,0.5389221556886228,0.015156180413860243,0.4633175971353444,0.6145267142419012
batter_id,24120,166,103,0.6204819277108434,0.09671595243608089,0.5466604343615429,0.694303421060144
batter_id,23851,165,118,0.7151515151515152,0.19138553987675266,0.6462831001828716,0.7840199301201588
batter_id,24357,164,70,0.4268292682926829,-0.09693670698207962,0.3511279842429088,0.502530552342457
batter_id,23200,161,96,0.5962732919254659,0.07250731665070331,0.5204837028876181,0.6720628809633136
batter_id,23605,160,93,0.58125,0.057484024725237504,0.5048039635796924,0.6576960364203077
batter_id,24009,160,84,0.525,0.0012340247252374814,0.4476211026829666,0.6023788973170334
batter_id,24124,158,81,0.5126582278481012,-0.011107747426661319,0.43471860265780654,0.5905978530383958
batter_id,23755,157,87,0.554140127388535,0.03037415211377248,0.47638747035392004,0.63189278442315
batter_id,24092,155,105,0.6774193548387096,0.1536533795639471,0.6038260720848476,0.7510126375925716
batter_id,24137,154,92,0.5974025974025974,0.07363662212783484,0.5199448703892151,0.6748603244159797
batter_id,24215,154,81,0.525974025974026,0.002208050699263442,0.44711000258678407,0.604838049361268
batter_id,24175,153,109,0.7124183006535948,0.18865232537883225,0.6406952898226181,0.7841413114845714
batter_id,23481,152,83,0.5460526315789473,0.022286656304184804,0.46690201889027283,0.6252032442676219
batter_id,23763,152,91,0.5986842105263158,0.07491823525155328,0.5207593016481085,0.6766091194045232
batter_id,23983,152,100,0.6578947368421053,0.13412876156734277,0.582473723838383,0.7333157498458276
batter_id,23138,151,98,0.6490066225165563,0.12524064724179373,0.5728791128559598,0.7251341321771527
batter_id,23773,151,68,0.4503311258278146,-0.07343484944694795,0.37097432472431596,0.5296879269313133
batter_id,24232,150,84,0.56,0.03623402472523751,0.4805615441573374,0.6394384558426627
batter_id,22733,147,81,0.5510204081632653,0.02725443288850271,0.4706132808520065,0.631427535474524
batter_id,22762,146,86,0.589041095890411,0.06527512061564844,0.5092321382810603,0.6688500534997617
batter_id,21577,143,71,0.4965034965034965,-0.02726247877126603,0.41455378335474713,0.5784532096522459
batter_id,23890,139,91,0.6546762589928058,0.13091028371804325,0.5756311166569197,0.7337214013286919
batter_id,24547,139,62,0.4460431654676259,-0.07772280980713664,0.3634060635052082,0.5286802674300436
batter_id,24430,137,73,0.5328467153284672,0.009080740053704628,0.44930052756992395,0.6163929030870104
batter_id,24593,137,60,0.43795620437956206,-0.08580977089520048,0.3548762578404983,0.5210361509186259
batter_id,24385,135,62,0.45925925925925926,-0.06450671601550328,0.3751947477988325,0.543323770719686
batter_id,24331,131,67,0.5114503816793893,-0.012315593595373264,0.4258498393459921,0.5970509240127865
batter_id,24448,131,62,0.4732824427480916,-0.05048353252667093,0.38778177274170555,0.5587831127544777
batter_id,22629,130,94,0.7230769230769231,0.19931094780216052,0.6461539218935284,0.7999999242603177
batter_id,24280,130,68,0.5230769230769231,-0.0006890521978394348,0.43721683216355256,0.6089370139902937
batter_id,24266,130,61,0.46923076923076923,-0.05453520604399331,0.3834419864671378,0.5550195519944007
batter_id,24049,129,82,0.6356589147286822,0.11189293945391965,0.552611262177678,0.7187065672796864
batter_id,24442,128,63,0.4921875,-0.03157847527476254,0.40557749375145474,0.5787975062485452
batter_id,23686,127,75,0.5905511811023622,0.06678520582759961,0.50502820735959,0.6760741548451343
batter_id,24218,127,81,0.6377952755905512,0.11402930031578862,0.5542018899258387,0.7213886612552636
batter_id,24123,125,88,0.704,0.18023402472523742,0.623973605634141,0.784026394365859
batter_id,22225,123,85,0.6910569105691057,0.16729093529434313,0.6093987363533704,0.772715084784841
batter_id,22258,123,73,0.5934959349593496,0.06972995968458706,0.5066909159698603,0.6803009539488389
batter_id,21288,122,71,0.5819672131147541,0.05820123783999154,0.49444252180028825,0.6694919044292199
batter_id,23836,122,84,0.6885245901639344,0.16475861488917187,0.6063480662259955,0.7707011141018734
batter_id,24119,122,70,0.5737704918032787,0.05000451652851612,0.4860164724897239,0.6615245111168334
batter_id,23469,120,83,0.6916666666666667,0.1679006913919041,0.6090392622359152,0.7742940710974181
batter_id,23996,120,73,0.6083333333333333,0.08456735805857074,0.5209970791412951,0.6956695875253714
batter_id,24014,119,79,0.6638655462184874,0.14009957094372483,0.5789906667435425,0.7487404256934322
batter_id,24445,119,53,0.44537815126050423,-0.07838782401425831,0.35607936997714484,0.5346769325438636
batter_id,24024,118,69,0.5847457627118644,0.06097978743710186,0.4958347318169356,0.6736567936067932
batter_id,22221,117,67,0.5726495726495726,0.04888359737481007,0.4830100196378916,0.6622891256612536
batter_id,21401,115,59,0.5130434782608696,-0.01072249701389294,0.42168910759082756,0.6043978489309116
batter_id,23926,115,72,0.6260869565217392,0.10232098124697664,0.5376548873728766,0.7145190256706018
batter_id,22284,114,62,0.543859649122807,0.020093673848044502,0.4524280509792072,0.6352912472664068
batter_id,24332,114,56,0.49122807017543857,-0.03253790509932397,0.39945678690593134,0.5829993534449458
batter_id,23493,113,61,0.5398230088495575,0.016057033574794932,0.4479252340734302,0.6317207836256847
batter_id,24108,113,49,0.4336283185840708,-0.09013765669069174,0.3422535198993065,0.5250031172688351
batter_id,24528,113,37,0.3274336283185841,-0.19633234695617846,0.2409077404723582,0.41395951616480997
batter_id,23946,112,43,0.38392857142857145,-0.1398374038461911,0.2938569853150806,0.4740001575420623
batter_id,22758,111,74,0.6666666666666666,0.1429006913919041,0.5789689421187008,0.7543643912146325
batter_id,24543,111,51,0.4594594594594595,-0.06430651581530306,0.36674823511288135,0.5521706838060376
batter_id,23658,110,76,0.6909090909090909,0.16714311563432838,0.6045489587487775,0.7772692230694044
batter_id,24071,109,53,0.48623853211009177,-0.03752744316467077,0.39240711557392477,0.5800699486462587
batter_id,24176,109,73,0.6697247706422018,0.14595879536743928,0.5814312153292415,0.7580183259551622
batter_id,24590,109,57,0.5229357798165137,-0.0008301954582488058,0.42916761331553294,0.6167039463174946
batter_id,24405,108,48,0.4444444444444444,-0.07932153083031812,0.35072781038806744,0.5381610785008214
batter_id,24335,106,46,0.4339622641509434,-0.08980371112381913,0.33961011119170553,0.5283144171101812
batter_id,24336,105,42,0.4,-0.12376597527476252,0.30629407702818356,0.4937059229718165
batter_id,23728,103,57,0.5533980582524272,0.02963208297766462,0.45738803431402053,0.6494080821908338
batter_id,23974,102,52,0.5098039215686274,-0.013962053706135125,0.4127881174487346,0.6068197256885202
batter_id,24554,101,46,0.45544554455445546,-0.06832043072030708,0.35831982008320395,0.552571269025707
batter_id,24628,101,47,0.46534653465346537,-0.05841944062129717,0.36806737292309427,0.5626256963838364
batter_id,20984,100,60,0.6,0.07623402472523744,0.5039800020828994,0.6960199979171006
batter_id,23937,100,60,0.6,0.07623402472523744,0.5039800020828994,0.6960199979171006
batter_id,23000,99,67,0.6767676767676768,0.15300170149291425,0.5846345797659337,0.7689007737694199
batter_id,24503,99,46,0.46464646464646464,-0.0591195106282979,0.3663992763941029,0.5628936528988263
batter_id,24079,97,51,0.5257731958762887,0.0020072206015261385,0.42640155210075525,0.6251448396518221
batter_id,24404,97,43,0.44329896907216493,-0.08046700620259761,0.3444369268289119,0.5421610113154179
batter_id,23677,96,60,0.625,0.10123402472523746,0.5281552466573434,0.7218447533426566
batter_id,22970,96,59,0.6145833333333334,0.09081735805857083,0.5172243366601055,0.7119423300065613
batter_id,24536,96,37,0.3854166666666667,-0.13834930860809586,0.28805766999343885,0.4827756633398945
batter_id,22064,95,59,0.6210526315789474,0.09728665630418487,0.5234979940455541,0.7186072691123407
batter_id,23548,95,66,0.6947368421052632,0.17097086683050067,0.6021303080948597,0.7873433761156667
batter_id,23180,94,64,0.6808510638297872,0.15708508855502468,0.5866154843900065,0.7750866432695679
batter_id,23263,94,57,0.6063829787234043,0.08261700344864176,0.5076180895298716,0.705147867916937
batter_id,24351,93,46,0.4946236559139785,-0.02914231936078404,0.3930082647410006,0.5962390470869564
batter_id,23837,92,51,0.5543478260869565,0.030581850812194,0.45278112498494205,0.655914527188971
batter_id,23576,92,66,0.717391304347826,0.1936253290730635,0.6253817404851705,0.8094008682104816
batter_id,23527,91,64,0.7032967032967034,0.1795307280219408,0.6094398797689875,0.7971535268244192
batter_id,23793,91,49,0.5384615384615384,0.014695563186775895,0.4360340159881504,0.6408890609349265
batter_id,23358,91,59,0.6483516483516484,0.12458567307688584,0.5502457818717136,0.7464575148315832
batter_id,24230,90,52,0.5777777777777777,0.05401180250301518,0.4757341764563586,0.6798213790991968
batter_id,24530,90,44,0.4888888888888889,-0.03487708638587367,0.3856133282435368,0.592164449534241
batter_id,24174,89,49,0.550561797752809,0.02679582247804646,0.44721450676772184,0.6539090887378961
batter_id,24236,88,58,0.6590909090909091,0.13532493381614652,0.560051808600267,0.7581300095815511
batter_id,24282,87,59,0.6781609195402298,0.1543949442654673,0.5799901458025979,0.7763316932778618
batter_id,24581,87,32,0.367816091954023,-0.15594988332073956,0.26648714569962584,0.46914503820842013
batter_id,22238,86,47,0.5465116279069767,0.022745652632214175,0.44129372855474913,0.6517295272592043
batter_id,24066,85,33,0.38823529411764707,-0.13553068115711547,0.2846289559153292,0.4918416323199649
batter_id,23329,84,53,0.6309523809523809,0.10718640567761839,0.5277580299729108,0.7341467319318511
batter_id,24390,84,41,0.4880952380952381,-0.03567073717952446,0.3811987842164875,0.5949916919739887
batter_id,24489,84,35,0.4166666666666667,-0.10709930860809586,0.31123545335324254,0.5220978799800908
batter_id,23366,83,62,0.7469879518072289,0.22322197653246634,0.653459353674171,0.8405165499402868
batter_id,24578,83,34,0.40963855421686746,-0.11412742105789508,0.3038408042977351,0.5154363041359998
batter_id,23121,80,53,0.6625,0.13873402472523744,0.5588806394779431,0.7661193605220569
batter_id,23492,80,48,0.6,0.07623402472523744,0.4926463787289874,0.7073536212710125
batter_id,24217,80,58,0.725,0.20123402472523744,0.6271532448161923,0.8228467551838077
batter_id,24497,80,44,0.55,0.026234024725237504,0.4409818822396938,0.6590181177603063
batter_id,23604,79,49,0.620253164556962,0.09648718928219946,0.513230908495155,0.727275420618769
batter_id,23111,78,57,0.7307692307692307,0.20700325549446819,0.6323315795741142,0.8292068819643472
batter_id,23095,78,48,0.6153846153846154,0.09161864010985288,0.5074165266832855,0.7233527040859453
batter_id,24122,78,43,0.5512820512820513,0.02751607600728878,0.4409040775344665,0.6616600250296362
batter_id,23657,77,51,0.6623376623376623,0.1385716870628998,0.5567065761407027,0.7679687485346219
batter_id,22132,76,40,0.5263157894736842,0.0025498141989216405,0.4140578855092929,0.6385736934380755
batter_id,23586,76,37,0.4868421052631579,-0.03692387001160463,0.3744673268225888,0.5992168837037269
batter_id,23958,76,56,0.7368421052631579,0.2130761299883953,0.6378399397327741,0.8358442707935416
batter_id,23612,74,53,0.7162162162162162,0.1924502409414537,0.6134959647455942,0.8189364676868383
batter_id,23675,74,42,0.5675675675675675,0.043801592292805,0.4546898741999212,0.6804452609352138
batter_id,24141,73,52,0.7123287671232876,0.1885627918485251,0.6084843625837326,0.8161731716628426
batter_id,24243,73,31,0.4246575342465753,-0.09910844102818722,0.3112668768205067,0.538048191672644
batter_id,22995,71,50,0.704225352112676,0.18045937683791347,0.5980647928375598,0.8103859113877923
batter_id,24187,71,46,0.647887323943662,0.12412134866889946,0.5367864517279511,0.7589881961593729
batter_id,24206,71,43,0.6056338028169014,0.08186782754213884,0.4919543978382762,0.7193132077955265
batter_id,22499,70,41,0.5857142857142857,0.0619483104395232,0.470315845516855,0.7011127259117165
batter_id,23732,68,46,0.6764705882352942,0.15270461296053162,0.5652761772773135,0.7876649991932748
batter_id,24517,67,36,0.5373134328358209,0.013547457561058351,0.41792123015937205,0.6567056355122697
batter_id,23663,65,38,0.5846153846153846,0.06084940934062211,0.46481458499981526,0.7044161842309541
batter_id,24235,64,43,0.671875,0.14810902472523746,0.5568400029899189,0.7869099970100811
batter_id,24302,64,45,0.703125,0.17935902472523746,0.5911891586963346,0.8150608413036654
batter_id,24290,63,28,0.4444444444444444,-0.07932153083031812,0.3217405674616376,0.5671483214272512
batter_id,23993,62,50,0.8064516129032258,0.2826856376284632,0.708108452177179,0.9047947736292725
batter_id,24190,62,44,0.7096774193548387,0.1859114440800762,0.5966897298249719,0.8226651088847056
batter_id,23487,59,45,0.7627118644067796,0.2389458891320171,0.6541572401071064,0.8712664887064528
batter_id,24061,58,47,0.8103448275862069,0.2865788523114443,0.7094522186138653,0.9112374365585484
batter_id,24220,57,40,0.7017543859649122,0.1779884106901497,0.5829867138612179,0.8205220580686066
batter_id,24416,57,29,0.5087719298245614,-0.01499404545020111,0.37898773638844124,0.6385561232606816
batter_id,24382,56,30,0.5357142857142857,0.011948310439523158,0.40509078093815437,0.6663377904904171
batter_id,24396,56,31,0.5535714285714286,0.029805453296666062,0.42336726197143076,0.6837755951714264
batter_id,22416,55,36,0.6545454545454545,0.130779479270692,0.5288730027551228,0.7802179063357862
batter_id,23357,55,32,0.5818181818181818,0.05805220654341925,0.45145620296822364,0.7121801606681399
batter_id,23317,55,33,0.6,0.07623402472523744,0.47052666122113995,0.72947333877886
batter_id,24427,55,18,0.32727272727272727,-0.19649324800203527,0.20326488476364815,0.4512805697818064
batter_id,24035,54,43,0.7962962962962963,0.27253032102153374,0.6888736116063386,0.9037189809862539
batter_id,24520,54,22,0.4074074074074074,-0.11635856786735516,0.27635296071533755,0.5384618540994772
batter_id,23262,53,39,0.7358490566037735,0.212083081329011,0.6171523720676837,0.8545457411398634
batter_id,24534,53,29,0.5471698113207547,0.023403836045992166,0.4131568244683743,0.6811827981731351
batter_id,24589,53,21,0.39622641509433965,-0.1275395601804229,0.26454426668743336,0.5279085635012459
batter_id,23049,51,35,0.6862745098039216,0.16250853452915903,0.55892572044111,0.8136232991667331
batter_id,24288,51,33,0.6470588235294118,0.12329284825464926,0.5159010518083222,0.7782165952505014
batter_id,23388,50,34,0.68,0.1562340247252375,0.5506994075806302,0.8093005924193699
batter_id,24575,50,19,0.38,-0.14376597527476254,0.2454577419544328,0.5145422580455672
batter_id,24616,50,21,0.42,-0.10376597527476256,0.28319256160573725,0.5568074383942627
batter_id,23187,47,31,0.6595744680851063,0.1358084928103438,0.5241022870778634,0.7950466490923492
batter_id,22322,47,27,0.574468085106383,0.05070210983162049,0.433114715946712,0.715821454266054
batter_id,24057,47,29,0.6170212765957447,0.09325530132098214,0.4780437635212768,0.7559987896702125
batter_id,24472,47,19,0.40425531914893614,-0.1195106561258264,0.26395291898517614,0.5445577193126961
batter_id,24219,46,23,0.5,-0.02376597527476254,0.3555068829682008,0.6444931170317991
batter_id,22901,45,28,0.6222222222222222,0.09845624694745969,0.4805643294898079,0.7638801149546366
batter_id,23877,45,22,0.4888888888888889,-0.03487708638587367,0.3428351903625469,0.6349425874152308
batter_id,23791,44,32,0.7272727272727273,0.20350675199796475,0.595676733280277,0.8588687212651775
batter_id,23941,44,27,0.6136363636363636,0.0898703883616011,0.469762005413052,0.7575107218596753
batter_id,24386,44,20,0.45454545454545453,-0.06922052072930801,0.3074166604785682,0.6016742486123409
batter_id,23805,43,21,0.4883720930232558,-0.03539388225150675,0.33896391292128136,0.6377802731252302
batter_id,24493,43,18,0.4186046511627907,-0.10516132411197182,0.271149603154368,0.5660596991712135
batter_id,24471,43,23,0.5348837209302325,0.011117745655469968,0.38579928591096435,0.6839681559495007
batter_id,22857,42,25,0.5952380952380952,0.07147211996333269,0.4467893261726798,0.7436868643035106
batter_id,23486,42,30,0.7142857142857143,0.19051973901095176,0.5776597040729197,0.8509117244985089
batter_id,23228,42,28,0.6666666666666666,0.1429006913919041,0.5240976450458182,0.809235688287515
batter_id,23811,41,19,0.4634146341463415,-0.060351341128421054,0.3107746096124355,0.6160546586802474
batter_id,23876,40,26,0.65,0.12623402472523748,0.5021855893358161,0.7978144106641839
batter_id,24397,40,23,0.575,0.051234024725237415,0.42180151763153784,0.7281984823684621
batter_id,24142,39,33,0.8461538461538461,0.3223878708790836,0.7329159594038717,0.9593917329038206
batter_id,24421,39,17,0.4358974358974359,-0.08786853937732664,0.28026684660014406,0.5915280251947277
batter_id,24409,39,19,0.48717948717948717,-0.03658648809527537,0.33030549125404296,0.6440534831049314
batter_id,24316,39,11,0.28205128205128205,-0.2417146932234805,0.14081882357771097,0.4232837405248531
batter_id,24475,39,16,0.41025641025641024,-0.1135095650183523,0.2558792420856332,0.5646335784271873
batter_id,24588,39,17,0.4358974358974359,-0.08786853937732664,0.28026684660014406,0.5915280251947277
batter_id,24620,39,22,0.5641025641025641,0.040336588827801556,0.40847197480527225,0.7197331533998559
batter_id,24562,39,15,0.38461538461538464,-0.1391505906593779,0.23192544927046257,0.5373053199603067
batter_id,23266,38,27,0.7105263157894737,0.18676034051471113,0.5663284272678677,0.8547242043110796
batter_id,23797,38,15,0.39473684210526316,-0.12902913316949938,0.2393228114599668,0.5501508727505595
batter_id,23810,38,19,0.5,-0.02376597527476254,0.3410230072918527,0.6589769927081472
batter_id,24594,38,16,0.42105263157894735,-0.1027133436958152,0.26406985430576235,0.5780354088521323
batter_id,23068,37,23,0.6216216216216216,0.09785564634685906,0.46534953140181484,0.7778937118414284
batter_id,23666,36,21,0.5833333333333334,0.05956735805857083,0.42228449479339936,0.7443821718732674
batter_id,23995,36,14,0.3888888888888889,-0.13487708638587365,0.2296395351917726,0.5481382425860052
batter_id,23981,34,18,0.5294117647058824,0.005645789431119819,0.3616341793866309,0.6971893500251338
batter_id,23401,34,28,0.8235294117647058,0.2997634364899433,0.6953871643243089,0.9516716592051028
batter_id,24408,34,18,0.5294117647058824,0.005645789431119819,0.3616341793866309,0.6971893500251338
batter_id,24004,33,17,0.5151515151515151,-0.008614460123247403,0.3446337572572199,0.6856692730458104
batter_id,24114,33,21,0.6363636363636364,0.11259766108887381,0.47223459536639945,0.8004926773608733
batter_id,24186,33,10,0.30303030303030304,-0.2207356722444595,0.14622921223631213,0.45983139382429394
batter_id,24584,33,14,0.42424242424242425,-0.09952355103233829,0.25561586447288487,0.5928689840119636
batter_id,23817,32,19,0.59375,0.06998402472523746,0.4235813394103515,0.7639186605896485
batter_id,24067,32,16,0.5,-0.02376597527476254,0.3267588386092959,0.6732411613907041
batter_id,22611,31,16,0.5161290322580645,-0.007636943016698039,0.3402074382535619,0.6920506262625671
batter_id,24200,31,22,0.7096774193548387,0.1859114440800762,0.5498886964405005,0.869466142269177
batter_id,23799,31,12,0.3870967741935484,-0.13666920108121416,0.215629614436262,0.5585639339508348
batter_id,24457,30,20,0.6666666666666666,0.1429006913919041,0.497976725365188,0.8353566079681453
batter_id,23450,29,24,0.8275862068965517,0.30382023162178917,0.6901029861624012,0.9650694276307022
batter_id,23661,29,25,0.8620689655172413,0.3383029902424788,0.7365645300596476,0.987573400974835
batter_id,24295,29,19,0.6551724137931034,0.13140643851834088,0.4821764880980003,0.8281683394882066
batter_id,24368,29,13,0.4482758620689655,-0.07549011320579702,0.26727079113275964,0.6292809330051714
batter_id,24603,29,16,0.5517241379310345,0.027958162656271934,0.3707190669948286,0.7327292088672404
batter_id,22847,28,18,0.6428571428571429,0.11909116758238036,0.46537474936415446,0.8203395363501313
batter_id,23912,28,19,0.6785714285714286,0.15480545329666606,0.5055829896513667,0.8515598674914905
batter_id,24292,28,21,0.75,0.22623402472523746,0.5896098506765456,0.9103901493234544
batter_id,24195,27,23,0.8518518518518519,0.3280858765770893,0.7178519936516919,0.9858517100520118
batter_id,23008,26,17,0.6538461538461539,0.13008017857139131,0.4709764486319876,0.8367158590603201
batter_id,23802,26,15,0.5769230769230769,0.05315710164831433,0.3870173676220525,0.7668287862241012
batter_id,24476,26,12,0.46153846153846156,-0.06222751373630098,0.26991411350270844,0.6531628095742147
batter_id,23387,25,10,0.4,-0.12376597527476252,0.20796000416579888,0.5920399958342012
batter_id,24470,25,9,0.36,-0.16376597527476255,0.17184,0.54816
batter_id,24080,24,19,0.7916666666666666,0.2679006913919041,0.6291862547418464,0.9541470785914868
batter_id,24419,24,10,0.4166666666666667,-0.10709930860809586,0.21942292762131047,0.6139104057120229
batter_id,23798,24,15,0.625,0.10123402472523746,0.43131049331468674,0.8186895066853133
batter_id,23692,23,18,0.782608695652174,0.2588427203774114,0.6140366441927293,0.9511807471116186
batter_id,24379,23,9,0.391304347826087,-0.13246162744867557,0.19184720669911723,0.5907614889530567
batter_id,24558,23,12,0.5217391304347826,-0.0020268448399799466,0.3175882379179313,0.7258900229516339
batter_id,24601,23,13,0.5652173913043478,0.04145141602958524,0.3626189995886204,0.7678157830200751
batter_id,24613,23,12,0.5217391304347826,-0.0020268448399799466,0.3175882379179313,0.7258900229516339
batter_id,23252,22,13,0.5909090909090909,0.0671431156343284,0.38545491113906605,0.7963632706791158
batter_id,22924,21,17,0.8095238095238095,0.285757834249047,0.6415731994998879,0.9774744195477312
batter_id,24204,21,16,0.7619047619047619,0.23813878662999932,0.5797367482877023,0.9440727755218215
batter_id,24521,21,9,0.42857142857142855,-0.095194546703334,0.21691132368626131,0.6402315334565958
batter_id,22921,20,15,0.75,0.22623402472523746,0.5602238160358366,0.9397761839641634
batter_id,23762,20,12,0.6,0.07623402472523744,0.38529275745797487,0.8147072425420251
batter_id,24325,19,10,0.5263157894736842,0.0025498141989216405,0.3017999815449016,0.7508315974024667
batter_id,23803,19,6,0.3157894736842105,-0.20797650159055203,0.1067766313149944,0.5248023160534266
batter_id,24473,19,7,0.3684210526315789,-0.1553449226431836,0.15151817542017268,0.5853239298429852
batter_id,23482,18,15,0.8333333333333334,0.30956735805857083,0.6611648829463883,1.0
batter_id,23309,18,13,0.7222222222222222,0.19845624694745967,0.5153014969264527,0.9291429475179918
batter_id,24250,18,13,0.7222222222222222,0.19845624694745967,0.5153014969264527,0.9291429475179918
batter_id,24238,17,11,0.6470588235294118,0.12329284825464926,0.41988689910096416,0.8742307479578595
batter_id,24407,17,8,0.47058823529411764,-0.0531777399806449,0.23331489867342306,0.7078615719148122
batter_id,22425,16,12,0.75,0.22623402472523746,0.5378237760728125,0.9621762239271875
batter_id,23711,16,10,0.625,0.10123402472523746,0.3877797700447957,0.8622202299552043
batter_id,24284,16,12,0.75,0.22623402472523746,0.5378237760728125,0.9621762239271875
batter_id,24458,16,9,0.5625,0.03873402472523746,0.31942159829594075,0.8055784017040593
batter_id,24474,16,8,0.5,-0.02376597527476254,0.255,0.745
batter_id,23189,15,11,0.7333333333333333,0.20956735805857074,0.5095408368517008,0.9571258298149657
batter_id,24033,15,12,0.8,0.2762340247252375,0.5975720704382257,1.0
batter_id,24505,15,6,0.4,-0.12376597527476252,0.15207743144279912,0.647922568557201
batter_id,23563,14,5,0.35714285714285715,-0.1666231181319054,0.1061448491826345,0.6081408651030797
batter_id,23907,14,11,0.7857142857142857,0.26194831043952316,0.5707724331122389,1.0
batter_id,24233,14,8,0.5714285714285714,0.047662596153808856,0.31219894349225696,0.8306581993648858
batter_id,23680,13,11,0.8461538461538461,0.3223878708790836,0.6500200729611596,1.0
batter_id,23683,13,6,0.46153846153846156,-0.06222751373630098,0.19054070966539732,0.7325362134115259
batter_id,23883,13,11,0.8461538461538461,0.3223878708790836,0.6500200729611596,1.0
batter_id,24381,13,4,0.3076923076923077,-0.21607366758245483,0.05679714201505026,0.5585874733695652
batter_id,23448,12,10,0.8333333333333334,0.30956735805857083,0.6224709067064851,1.0
batter_id,23523,12,10,0.8333333333333334,0.30956735805857083,0.6224709067064851,1.0
batter_id,23346,11,8,0.7272727272727273,0.20350675199796475,0.4640807392878268,0.9904647152576278
batter_id,23547,11,5,0.45454545454545453,-0.06922052072930801,0.1602878664116818,0.7488030426792273
batter_id,24003,11,8,0.7272727272727273,0.20350675199796475,0.4640807392878268,0.9904647152576278
batter_id,24362,11,7,0.6363636363636364,0.11259766108887381,0.3520837983588668,0.920643474368406
batter_id,23878,10,6,0.6,0.07623402472523744,0.2963581056573385,0.9036418943426614
batter_id,24188,10,8,0.8,0.2762340247252375,0.5520774314427992,1.0
batter_id,23846,9,4,0.4444444444444444,-0.07932153083031812,0.11980050104447498,0.7690883878444139
batter_id,22760,9,8,0.8888888888888888,0.3651229136141263,0.6835660309443505,1.0
batter_id,24029,9,4,0.4444444444444444,-0.07932153083031812,0.11980050104447498,0.7690883878444139
batter_id,24216,9,7,0.7777777777777778,0.25401180250301525,0.5061611674786324,1.0
batter_id,24406,9,4,0.4444444444444444,-0.07932153083031812,0.11980050104447498,0.7690883878444139
batter_id,24595,9,3,0.3333333333333333,-0.19043264194142923,0.02534904641652591,0.6413176202501407
batter_id,23845,8,7,0.875,0.35123402472523746,0.6458234850600961,1.0
batter_id,24096,8,7,0.875,0.35123402472523746,0.6458234850600961,1.0
batter_id,23668,8,5,0.625,0.10123402472523746,0.28951993352808575,0.9604800664719142
batter_id,24082,8,4,0.5,-0.02376597527476254,0.15351767721859172,0.8464823227814082
batter_id,23352,7,5,0.7142857142857143,0.19051973901095176,0.3796217036720841,1.0
batter_id,24127,7,5,0.7142857142857143,0.19051973901095176,0.3796217036720841,1.0
batter_id,24437,7,5,0.7142857142857143,0.19051973901095176,0.3796217036720841,1.0
batter_id,24583,7,3,0.42857142857142855,-0.095194546703334,0.06196537297496135,0.7951774841678958
batter_id,23380,6,5,0.8333333333333334,0.30956735805857083,0.535128829802743,1.0
batter_id,22735,6,3,0.5,-0.02376597527476254,0.09991667534541426,0.9000833246545857
batter_id,24002,6,3,0.5,-0.02376597527476254,0.09991667534541426,0.9000833246545857
batter_id,22720,6,6,1.0,0.47623402472523746,1.0,1.0
batter_id,23429,6,2,0.3333333333333333,-0.19043264194142923,0.0,0.7105355092038887
batter_id,24366,5,1,0.2,-0.32376597527476253,0.0,0.5506154588719672
batter_id,24438,5,3,0.6,0.07623402472523744,0.17058551491594975,1.0
batter_id,24058,5,3,0.6,0.07623402472523744,0.17058551491594975,1.0
batter_id,22435,5,2,0.4,-0.12376597527476252,0.0,0.8294144850840502
batter_id,23953,5,4,0.8,0.2762340247252375,0.44938454112803305,1.0
batter_id,24213,5,2,0.4,-0.12376597527476252,0.0,0.8294144850840502
batter_id,24551,5,3,0.6,0.07623402472523744,0.17058551491594975,1.0
batter_id,24612,5,1,0.2,-0.32376597527476253,0.0,0.5506154588719672
batter_id,22743,4,1,0.25,-0.27376597527476254,0.0,0.674352447854375
batter_id,23373,4,4,1.0,0.47623402472523746,1.0,1.0
batter_id,23377,4,2,0.5,-0.02376597527476254,0.010000000000000009,0.99
batter_id,23225,4,2,0.5,-0.02376597527476254,0.010000000000000009,0.99
batter_id,24189,4,3,0.75,0.22623402472523746,0.3256475521456251,1.0
batter_id,24121,4,1,0.25,-0.27376597527476254,0.0,0.674352447854375
batter_id,23614,3,2,0.6666666666666666,0.1429006913919041,0.13322223379388565,1.0
batter_id,23495,3,1,0.3333333333333333,-0.19043264194142923,0.0,0.8667777662061142
batter_id,23574,3,0,0.0,-0.5237659752747625,0.0,0.0
batter_id,22621,3,3,1.0,0.47623402472523746,1.0,1.0
batter_id,23637,3,2,0.6666666666666666,0.1429006913919041,0.13322223379388565,1.0
batter_id,23455,2,2,1.0,0.47623402472523746,1.0,1.0
batter_id,23250,2,1,0.5,-0.02376597527476254,0.0,1.0
batter_id,23849,2,2,1.0,0.47623402472523746,1.0,1.0
batter_id,23991,2,2,1.0,0.47623402472523746,1.0,1.0
batter_id,23771,2,1,0.5,-0.02376597527476254,0.0,1.0
batter_id,24359,2,2,1.0,0.47623402472523746,1.0,1.0
batter_id,23960,1,1,1.0,0.47623402472523746,1.0,1.0
batter_success_rate_bin,0.50-<0.55,876175,447450,0.5106856506976346,-0.013080324577127933,0.5096389284712171,0.5117323729240522
batter_success_rate_bin,0.55-<0.60,305690,166172,0.5435964539239099,0.01983047864914733,0.5418307077742136,0.5453622000736061
batter_success_rate_bin,0.45-<0.50,147210,73145,0.49687521228177434,-0.026890762992988204,0.4943210473488335,0.4994293772147152
batter_success_rate_bin,0.60-<0.65,68103,39513,0.5801947050790714,0.05642872980430891,0.576488036247652,0.5839013739104909
batter_success_rate_bin,0.65+,54049,34721,0.6423985642657588,0.11863258899099627,0.638357794113993,0.6464393344175247
batter_success_rate_bin,0.40-<0.45,15848,7619,0.48075466935890965,-0.04301130591585289,0.47297579251917227,0.48853354619864703
batter_success_rate_bin,<0.40,7187,3483,0.48462501739251423,-0.039140957882248306,0.47307063250238834,0.4961794022826401
batter_success_rate_bin,<NA>,830,500,0.6024096385542169,0.07864366327945438,0.5691144939897642,0.6357047831186696
batter_team_id,13,213325,114491,0.5366975272471581,0.012931551972395594,0.5345814461852413,0.538813608309075
batter_team_id,14,145937,76027,0.5209576735166545,-0.0028083017581080894,0.518394597258093,0.5235207497752159
batter_team_id,17,144335,75550,0.5234350642602279,-0.00033091101453464056,0.5208583711769228,0.526011757343533
batter_team_id,21,143335,74831,0.5220706735968187,-0.0016953016779438501,0.51948468601406,0.5246566611795774
batter_team_id,12,142405,73788,0.5181559636248727,-0.0056100116498898345,0.5155607270872778,0.5207512001624676
batter_team_id,20,139297,72707,0.5219566824841885,-0.0018092927905740686,0.5193334544399307,0.5245799105284462
batter_team_id,19,135761,70666,0.5205176744425866,-0.0032483008321759765,0.5178601785672501,0.523175170317923
batter_team_id,16,135581,70883,0.5228092431830419,-0.0009567320917206468,0.5201505128219542,0.5254679735441296
batter_team_id,18,134642,69862,0.5188722686828775,-0.004893706591885039,0.5162034060615479,0.5215411313042071
batter_team_id,15,134524,70161,0.5215500579822188,-0.0022159172925437787,0.5188806040078278,0.5242195119566098
batter_team_id,23,4885,2967,0.6073694984646878,0.08360352318992526,0.5936751210161808,0.6210638759131948
batter_team_id,22,773,529,0.684346701164295,0.16058072588953243,0.6515817458744753,0.7171116564541147
batter_team_id,25,292,141,0.4828767123287671,-0.04088926294599543,0.4255601910050311,0.5401932336525032
count_state,0-0,380996,200620,0.5265672080546777,0.002801232779915175,0.524981760296944,0.5281526558124114
count_state,0-1,181775,97087,0.5341053500206299,0.010339374745867325,0.5318121268539081,0.5363985731873516
count_state,1-0,154878,81288,0.5248518188509665,0.0010858435762040042,0.5223647140014607,0.5273389237004724
count_state,1-1,150304,79429,0.5284556631892697,0.00468968791450719,0.5259319712126999,0.5309793551658396
count_state,1-2,139598,73211,0.5244416109113311,0.0006756356365685834,0.5218218179666353,0.527061403856027
count_state,2-2,119702,62363,0.5209854471938647,-0.002780528080897793,0.518155407558256,0.5238154868294735
count_state,0-2,89281,46295,0.5185313784567825,-0.005234596817979997,0.5152538379802609,0.5218089189333042
count_state,2-1,80348,41922,0.5217553641658784,-0.0020106111088841194,0.518301326644339,0.5252094016874178
count_state,3-2,70538,35241,0.4996030508378463,-0.024162924436916255,0.49591315277957143,0.5032929488961211
count_state,2-0,54187,28117,0.5188882942403159,-0.004877681034446635,0.5146813339163877,0.5230952545642441
count_state,3-1,35425,17868,0.5043895553987298,-0.01937641987603278,0.49918295305605753,0.509596157741402
count_state,3-0,18060,9162,0.5073089700996678,-0.01645700517509474,0.500017404340957,0.5146005358583786
game_dayofweek,5,252121,132290,0.5247083741536802,0.0009423988789176718,0.5227590204846093,0.5266577278227511
game_dayofweek,6,249787,130726,0.5233498941097815,-0.0004160811649810414,0.5213911979467676,0.5253085902727954
game_dayofweek,4,247962,130068,0.524548116243618,0.0007821409688554271,0.5225824514549519,0.5265137810322841
game_dayofweek,2,241756,126798,0.5244874997931799,0.000721524518417338,0.5224967532020696,0.5264782463842902
game_dayofweek,3,236322,123457,0.5224101014717207,-0.0013558738030418072,0.5203962040593801,0.5244239988840613
game_dayofweek,1,232390,121892,0.5245148242179095,0.0007488489431469736,0.5224843628652474,0.5265452855705717
game_dayofweek,0,14754,7372,0.4996611088518368,-0.024104866422925753,0.4915930123083121,0.5077292053953615
game_month,5,255547,136025,0.5322895592591578,0.008523583984395233,0.5303549948923502,0.5342241236259654
game_month,6,253454,133565,0.5269792546181951,0.003213279343432518,0.5250354914433969,0.5289230177929932
game_month,9,227845,118622,0.520625864074261,-0.0031401112005015053,0.5185745295510965,0.5226771985974256
game_month,8,221570,115000,0.5190233334837748,-0.004742641790987712,0.5169428894471824,0.5211037775203673
game_month,4,206638,108684,0.5259632787773788,0.0021973035026162657,0.5238103251219443,0.5281162324328134
game_month,7,177147,92313,0.5211095869532083,-0.002656388321554237,0.5187832545316449,0.5234359193747717
game_month,10,107135,54550,0.5091706725159845,-0.014595302758778073,0.5061771169282786,0.5121642281036903
game_month,3,25756,13844,0.5375058238856966,0.013739848610934025,0.5314166050177086,0.5435950427536845
game_type,R,1314088,675474,0.5140249359251435,-0.009741039349619007,0.5131703751918244,0.5148794966584627
game_type,F,161004,97129,0.603270726193138,0.0795047509183755,0.6008810393751907,0.6056604130110854
hand_matchup,P2-B2,568286,296716,0.52212442326575,-0.0016415520090125035,0.5208256988218912,0.5234231477096088
hand_matchup,P2-B1,525455,278841,0.530665803922315,0.006899828647552453,0.529316406247732,0.532015201596898
hand_matchup,P1-B2,211059,113445,0.5375037311841713,0.013737755909408733,0.5353765768955305,0.539630885472812
hand_matchup,P1-B1,170292,83601,0.49092734831935736,-0.03283862695540518,0.4885529288498203,0.4933017677888944
inning,1,172012,91524,0.5320791572680976,0.008313181993335084,0.5297211180852027,0.5344371964509925
inning,7,168702,87246,0.5171604367464523,-0.006605538528310251,0.5147758670162915,0.5195450064766131
inning,8,168021,86454,0.5145428250040174,-0.009223150270745162,0.5121530307409483,0.5169326192670864
inning,6,166686,87362,0.5241112031004403,0.0003452278256778074,0.5217136348937511,0.5265087713071296
inning,5,164439,86152,0.5239146431199412,0.0001486678451786405,0.521500703859085,0.5263285823807974
inning,3,163893,86779,0.5294857010366519,0.005719725761889394,0.5270691865658678,0.5319022155074361
inning,4,163809,86261,0.5265949978328419,0.002829022558079375,0.5241770775533787,0.5290129181123051
inning,2,162861,86520,0.531250575644261,0.007484600369498495,0.5288269384803622,0.5336742128081599
inning,9,124717,64232,0.5150220098302557,-0.00874396544450684,0.512248260866954,0.5177957587935574
inning,10,11643,5869,0.5040797045435025,-0.019686270731260058,0.49499775322394657,0.5131616558630584
inning,11,5441,2741,0.5037676897629112,-0.019998285511851344,0.49048229748519223,0.5170530820406302
inning,12,2811,1434,0.5101387406616862,-0.013627234613076356,0.4916585542050237,0.5286189271183487
inning,13,57,29,0.5087719298245614,-0.01499404545020111,0.37898773638844124,0.6385561232606816
inning_group,1-3,498766,264823,0.5309564003961778,0.0071904251214152115,0.5295714198021378,0.5323413809902177
inning_group,4-6,494934,259775,0.5248679621929389,0.001101986918176312,0.5234766819537535,0.5262592424321242
inning_group,7-9,461440,237932,0.5156293342579751,-0.00813664101678746,0.5141873644171402,0.51707130409881
inning_group,10+,19952,10073,0.5048616680032078,-0.018904307271554788,0.49792401895104343,0.5117993170553721
li_bin,<0.5,476776,246416,0.5168380958773092,-0.006927879397453318,0.5154196182855691,0.5182565734690493
li_bin,0.5-<1,455712,240055,0.5267690997823187,0.003003124507556132,0.5253194685676962,0.5282187309969412
li_bin,1-<1.5,247966,131657,0.5309477912294428,0.00718181595468026,0.5289835423905498,0.5329120400683358
li_bin,1.5-<2,144099,75787,0.5259370294033963,0.0021710541286337204,0.5233588657635818,0.5285151930432107
li_bin,2-<3,99956,52483,0.5250610268518148,0.0012950515770522308,0.5219652087634913,0.5281568449401383
li_bin,3-<5,42559,22029,0.5176108461195047,-0.0061551291552578435,0.5128633915749936,0.5223583006640158
li_bin,5+,8024,4176,0.5204386839481555,-0.003327291326607029,0.5095074933194262,0.5313698745768848
num_runners_on,0,777248,406537,0.5230466980937873,-0.0007192771809751974,0.5219362853764663,0.5241571108111084
num_runners_on,1,442864,232956,0.5260215325698183,0.0022555572950557767,0.524550907552921,0.5274921575867156
num_runners_on,2,206572,108125,0.5234252464031911,-0.0003407288715714385,0.5212714076177933,0.5255790851885889
num_runners_on,3,48408,24985,0.5161336969096018,-0.007632278365160783,0.5116818389682349,0.5205855548509686
outs_before,0,505924,263788,0.5213984709165803,-0.0023675043581822264,0.520021941971821,0.5227749998613397
outs_before,1,490634,257040,0.5238935744363415,0.0001275991615790062,0.5224960776806895,0.5252910711919936
outs_before,2,478534,251775,0.5261381636414549,0.002372188366692396,0.5247234275263323,0.5275528997565776
pitcher_hand,2,1093741,575557,0.5262278729607832,0.0024618976860206754,0.5252920999776524,0.5271636459439141
pitcher_hand,1,381351,197046,0.5167050827190698,-0.007060892555692755,0.5151190172599793,0.5182911481781602
pitcher_history_missing,present,1474300,772166,0.5237509326460015,-1.5042628761063881e-05,0.5229447329828659,0.524557132309137
pitcher_history_missing,missing,792,437,0.5517676767676768,0.028001701492914255,0.5171320386010521,0.5864033149343015
pitcher_history_n_bin,"1k-4,999",740275,385560,0.5208334740468069,-0.0029325012279556306,0.5196954479801851,0.5219715001134287
pitcher_history_n_bin,200-999,362466,192289,0.5305021712381299,0.006736195963367386,0.5288774352108807,0.5321269072653791
pitcher_history_n_bin,5k+,239776,123082,0.5133207660483118,-0.010445209226450758,0.5113201256199905,0.515321406476633
pitcher_history_n_bin,50-199,94843,51001,0.5377413198654619,0.013975344590699379,0.53456822780918,0.5409144119217438
pitcher_history_n_bin,10-49,29830,16361,0.5484746899094871,0.02470871463472457,0.542827286780832,0.5541220930381422
pitcher_history_n_bin,1-9,7110,3873,0.5447257383966245,0.020959763121861985,0.5331500515762068,0.5563014252170423
pitcher_history_n_bin,0,792,437,0.5517676767676768,0.028001701492914255,0.5171320386010521,0.5864033149343015
pitcher_id,23633,15450,8301,0.5372815533980583,0.013515578123295735,0.5294192246114084,0.5451438821847081
pitcher_id,23719,14775,8709,0.5894416243654822,0.06567564909071966,0.5815093051069544,0.59737394362401
pitcher_id,22759,14288,7155,0.5007698768197089,-0.022996098455053682,0.4925712741412433,0.5089684794981744
pitcher_id,21961,13876,7552,0.5442490631305852,0.020483087855822646,0.5359622688834632,0.5525358573777072
pitcher_id,22890,12939,6349,0.4906870700981529,-0.03307890517660966,0.4820731592443892,0.49930098095191655
pitcher_id,23745,12787,6949,0.5434425588488309,0.019676583574068318,0.534808872350252,0.5520762453474097
pitcher_id,22277,12743,6790,0.5328415600721965,0.009075584797433978,0.524178897958548,0.541504222185845
pitcher_id,23782,12393,6818,0.5501492778181232,0.02638330254336063,0.5413905237721252,0.5589080318641212
pitcher_id,23561,12331,7056,0.5722163652582921,0.048450389983529574,0.5634836531543347,0.5809490773622495
pitcher_id,23767,11644,6434,0.552559257986946,0.02879328271218351,0.5435277105749778,0.5615908053989143
pitcher_id,23880,11433,6554,0.5732528645150005,0.04948688924023792,0.5641864745785873,0.5823192544514136
pitcher_id,22908,11157,5989,0.5367930447252846,0.01302706945052201,0.5275402414055974,0.5460458480449717
pitcher_id,21955,11115,5794,0.5212775528565002,-0.002488422418262304,0.5119905036696683,0.5305646020433322
pitcher_id,21916,11088,6163,0.5558261183261183,0.03206014305135574,0.546577530038112,0.5650747066141245
pitcher_id,22708,10202,5073,0.4972554401097824,-0.026510535164980142,0.487553091538261,0.5069577886813038
pitcher_id,22834,10198,4815,0.4721514022357325,-0.051614573039030054,0.4624620689303798,0.4818407355410852
pitcher_id,22249,9878,4964,0.5025308766956874,-0.02123509857907513,0.49267067040594237,0.5123910829854325
pitcher_id,23903,9876,4283,0.43367760226812474,-0.0900883730066378,0.42390340958259154,0.44345179495365794
pitcher_id,22380,9788,5187,0.529934613812832,0.006168638538069482,0.5200468206980944,0.5398224069275697
pitcher_id,23987,9769,5248,0.5372095403828437,0.013443565108081201,0.5273218451066403,0.5470972356590472
pitcher_id,23781,9749,5962,0.6115499025541081,0.08778392727934559,0.6018747102863918,0.6212250948218244
pitcher_id,23555,9626,4442,0.46145854976106376,-0.06230742551369878,0.45149970279263346,0.47141739672949406
pitcher_id,22192,9596,4617,0.4811379741558983,-0.04262800111886422,0.47114092764100146,0.4911350206707952
pitcher_id,23593,9505,4891,0.5145712782745924,-0.009194697000170171,0.5045236047313064,0.5246189518178783
pitcher_id,23440,9308,4885,0.5248173614095402,0.001051386134777621,0.514672122862419,0.5349625999566613
pitcher_id,22389,9141,5024,0.5496116398643475,0.025845664589584927,0.539412095840947,0.559811183887748
pitcher_id,22720,9087,4426,0.4870694398591394,-0.03669653541562312,0.47679234096791795,0.4973465387503609
pitcher_id,22435,8733,4999,0.572426428489637,0.048660453214874444,0.5620501980947701,0.5828026588845039
pitcher_id,23897,8632,4499,0.5212001853568119,-0.002565789917950645,0.5106616653810757,0.5317387053325481
pitcher_id,21936,8551,4357,0.5095310490001169,-0.01423492627464562,0.49893512816920776,0.5201269698310261
pitcher_id,22730,8485,4354,0.5131408367707719,-0.010625138503990605,0.5025055278018213,0.5237761457397225
pitcher_id,23769,8459,3992,0.4719233952003783,-0.05184258007438425,0.46128488592755296,0.48256190447320363
pitcher_id,24222,8098,4259,0.5259323289701161,0.0021663536953535623,0.5150567524403772,0.536807905499855
pitcher_id,23518,8087,4735,0.5855076047978237,0.06174162952306117,0.5747705071364202,0.5962447024592272
pitcher_id,22782,7509,3821,0.5088560394193634,-0.014909935855399126,0.49754853177813035,0.5201635470605964
pitcher_id,22163,7454,4090,0.5486986852696539,0.02493270999489139,0.537401724091888,0.5599956464474198
pitcher_id,22231,7277,4098,0.563144152810224,0.03937817753546147,0.5517479872488098,0.5745403183716382
pitcher_id,21441,7208,3866,0.5363485016648168,0.012582526390054305,0.5248360438445515,0.5478609594850822
pitcher_id,22293,7181,3772,0.5252750313326835,0.0015090560579209544,0.513725136656227,0.53682492600914
pitcher_id,23988,7139,3715,0.5203810057431013,-0.0033849695316612305,0.508791997134495,0.5319700143517077
pitcher_id,24115,7126,2963,0.41580129104687064,-0.1079646842278919,0.40435785687949,0.4272447252142513
pitcher_id,23852,7076,3361,0.4749858677218768,-0.048780107552885754,0.46335028869181893,0.48662144675193464
pitcher_id,22419,6855,3607,0.52618526622903,0.0024192909542674057,0.5143650352244402,0.5380054972336197
pitcher_id,22729,6774,3434,0.5069382934750517,-0.016827681799710836,0.4950324090681673,0.518844177881936
pitcher_id,21998,6688,3400,0.5083732057416268,-0.01539276953313573,0.4963915444703011,0.5203548670129525
pitcher_id,24300,6592,3176,0.4817961165048544,-0.041969858769908164,0.4697338352344365,0.49385839777527224
pitcher_id,22735,6578,3274,0.49771967163271513,-0.026046303642047408,0.4856366758334677,0.5098026674319626
pitcher_id,23347,6521,3415,0.523692685170986,-7.329010377654654e-05,0.5115705017581329,0.5358148685838391
pitcher_id,22278,6480,3239,0.49984567901234567,-0.023920296262416874,0.4876715317147007,0.5120198263099907
pitcher_id,21940,6363,3551,0.5580700927235581,0.03430411744879558,0.5458676667738016,0.5702725186733146
pitcher_id,23853,6264,3063,0.48898467432950193,-0.03478130094526061,0.47660541151348296,0.501363937145521
pitcher_id,22624,6261,3167,0.5058297396582015,-0.01793623561656099,0.4934453473194977,0.5182141319969054
pitcher_id,23306,6217,3319,0.5338587743284542,0.010092799053691648,0.5214583202878195,0.5462592283690889
pitcher_id,22131,6207,4246,0.6840663766714999,0.1603004013967374,0.6725009344041386,0.6956318189388613
pitcher_id,22738,6045,3064,0.5068651778329197,-0.016900797441842808,0.4942617992448955,0.5194685564209439
pitcher_id,23590,6013,2878,0.47862963578912354,-0.045136339485639,0.46600312270885397,0.4912561488693931
pitcher_id,22397,5941,3187,0.5364416764854402,0.012675701210677626,0.5237610782601871,0.5491222747106932
pitcher_id,22743,5917,2999,0.5068446848064898,-0.01692129046827273,0.4941057066156679,0.5195836629973117
pitcher_id,23694,5884,3461,0.5882053025152957,0.06443932724053314,0.5756298221928976,0.6007807828376938
pitcher_id,22469,5864,3246,0.5535470668485676,0.02978109157380504,0.5408230508130076,0.5662710828841275
pitcher_id,23035,5759,2797,0.4856745962840771,-0.03809137899068543,0.4727661428078783,0.4985830497602759
pitcher_id,23307,5691,2777,0.48796345106308203,-0.03580252421168051,0.47497653880006285,0.5009503633261012
pitcher_id,24410,5691,3008,0.5285538569671411,0.004787881692378537,0.5155843805069769,0.5415233334273053
pitcher_id,23672,5675,2943,0.518590308370044,-0.00517566690471849,0.5055903263659225,0.5315902903741656
pitcher_id,23637,5587,2781,0.4977626633255772,-0.026003311949185315,0.48465176673206223,0.5108735599190922
pitcher_id,21690,5331,2961,0.5554305008441193,0.03166452556935673,0.5420910968937742,0.5687699047944643
pitcher_id,22741,5318,3063,0.5759684091763821,0.052202433901619605,0.5626858933096038,0.5892509250431605
pitcher_id,21789,5314,2770,0.5212645841174257,-0.0025013911573368297,0.5078331562440963,0.5346960119907551
pitcher_id,23411,5306,2927,0.5516396532227666,0.027873677948004105,0.5382578763213979,0.5650214301241354
pitcher_id,24053,5295,2627,0.49612842304060434,-0.027637552234158203,0.4826611373343078,0.5095957087469009
pitcher_id,22668,5290,2884,0.545179584120983,0.021413608846220455,0.5317606505543027,0.5585985176876633
pitcher_id,23229,5175,2843,0.5493719806763285,0.02560600540156599,0.5358156160036353,0.5629283453490218
pitcher_id,23422,5076,2345,0.4619779353821907,-0.06178803989257187,0.4482626160142654,0.4756932547501159
pitcher_id,23478,5026,2415,0.4805013927576602,-0.04326458251710236,0.46668850927335526,0.4943142762419651
pitcher_id,23638,5021,2875,0.5725951005775742,0.04882912530281169,0.5589113697492208,0.5862788314059276
pitcher_id,22254,4953,2799,0.5651120533010296,0.04134607802626711,0.551305735114943,0.5789183714871163
pitcher_id,22318,4866,2757,0.5665844636251541,0.04281848835039159,0.5526607658699823,0.580508161380326
pitcher_id,23206,4864,2493,0.5125411184210527,-0.011224856853709886,0.49849382551415117,0.5265884113279542
pitcher_id,23540,4846,2560,0.5282707387536112,0.00450476347884865,0.5142154732983174,0.542326004208905
pitcher_id,24283,4840,2729,0.5638429752066115,0.04007699993184899,0.5498717686540691,0.577814181759154
pitcher_id,23437,4832,2209,0.45716059602649006,-0.06660537924827248,0.44311427188729186,0.47120692016568827
pitcher_id,23235,4832,2781,0.5755380794701986,0.0517721041954361,0.5616017306638411,0.5894744282765562
pitcher_id,23848,4802,2681,0.5583090379008746,0.034543062626112064,0.5442633964103887,0.5723546793913605
pitcher_id,24305,4799,2335,0.486559699937487,-0.03720627533727555,0.4724182565042719,0.5007011433707022
pitcher_id,23288,4742,2614,0.5512442007591734,0.027478225484410812,0.5370878162468932,0.5654005852714535
pitcher_id,21402,4732,2800,0.591715976331361,0.06795000105659843,0.5777113494009238,0.6057206032617981
pitcher_id,23630,4729,2714,0.5739056883061958,0.050139713031433275,0.5598113546868135,0.5880000219255781
pitcher_id,22094,4656,2228,0.47852233676975947,-0.04524363850500307,0.46417343877134887,0.4928712347681701
pitcher_id,22575,4649,2374,0.5106474510647451,-0.013118524210017468,0.4962777474734731,0.5250171546560171
pitcher_id,23225,4614,2159,0.4679237104464673,-0.05584226482829524,0.4535260556855109,0.4823213652074237
pitcher_id,24240,4562,2201,0.4824638316527839,-0.04130214362197865,0.4679633921824802,0.4969642711230876
pitcher_id,24164,4550,2578,0.5665934065934066,0.04282743131864408,0.5521943549885683,0.580992458198245
pitcher_id,21795,4512,2170,0.48093971631205673,-0.04282625896270581,0.4663607830737938,0.49551864955031966
pitcher_id,23589,4500,2306,0.5124444444444445,-0.01132153083031806,0.49783999250753486,0.5270488963813541
pitcher_id,24100,4480,2229,0.49754464285714284,-0.026221332417619703,0.482903268935196,0.5121860167790897
pitcher_id,23421,4464,2675,0.5992383512544803,0.07547237597971779,0.584862391247436,0.6136143112615247
pitcher_id,21372,4455,2201,0.4940516273849607,-0.029714347889801818,0.4793700916702979,0.5087331630996235
pitcher_id,23414,4434,2231,0.5031574199368516,-0.02060855533791095,0.4884404103796929,0.5178744294940103
pitcher_id,24465,4420,2657,0.601131221719457,0.07736524644469445,0.5866952972640708,0.6155671461748432
pitcher_id,23112,4391,2438,0.5552265998633569,0.03146062458859433,0.5405279011518297,0.569925298574884
pitcher_id,23695,4384,2241,0.5111770072992701,-0.012588967975492471,0.49637971451701807,0.5259743000815221
pitcher_id,23238,4377,2238,0.5113091158327622,-0.012456859442000368,0.4965000833808765,0.5261181482846479
pitcher_id,24038,4375,2034,0.4649142857142857,-0.058851689560476816,0.45013460110774556,0.4796939703208259
pitcher_id,23634,4357,2376,0.5453293550608217,0.021563379786059156,0.5305437130328817,0.5601149970887617
pitcher_id,22547,4326,2066,0.47757743874248726,-0.04618853653227528,0.462692547120369,0.4924623303646055
pitcher_id,23929,4326,2411,0.5573277854831253,0.0335618102083628,0.542526164030883,0.5721294069353676
pitcher_id,23439,4275,2411,0.5639766081871345,0.040210632912371924,0.5491113159319463,0.5788419004423226
pitcher_id,23696,4253,2538,0.5967552316012227,0.07298925632646014,0.5820120617695296,0.6114984014329158
pitcher_id,23642,4239,2489,0.587166784619014,0.06340080934425141,0.5723452757184457,0.6019882935195822
pitcher_id,22651,4217,1998,0.473796537823097,-0.049969437451665544,0.4587260585889216,0.48886701705727237
pitcher_id,24460,4162,2174,0.5223450264296011,-0.0014209488451614183,0.5071695995159821,0.5375204533432202
pitcher_id,23665,4127,1973,0.47807123818754543,-0.04569473708721711,0.46283103489668,0.4933114414784109
pitcher_id,23105,4123,2086,0.5059422750424448,-0.01782370023231772,0.4906810732212644,0.5212034768636252
pitcher_id,24310,4106,2286,0.5567462250365319,0.03298024976176939,0.541551198571373,0.5719412515016908
pitcher_id,22592,4069,2003,0.4922585401818629,-0.03150743509289966,0.4768971624021826,0.5076199179615432
pitcher_id,22028,4026,1908,0.47391952309985097,-0.04984645217491157,0.4584955031389986,0.4893435430607033
pitcher_id,24063,4020,1880,0.46766169154228854,-0.056104283732474,0.4522374860337534,0.48308589705082366
pitcher_id,22292,3998,1925,0.4814907453726863,-0.04227522990207622,0.4660023329422201,0.49697915780315255
pitcher_id,22525,3989,2099,0.5261970418651291,0.002431066590366515,0.5107018435733551,0.541692240156903
pitcher_id,22710,3960,2168,0.5474747474747474,0.023708772199984907,0.5319718835856103,0.5629776113638846
pitcher_id,23650,3926,1931,0.49184921039225676,-0.03191676488250578,0.47621077805588274,0.5074876427286308
pitcher_id,23363,3924,1907,0.4859836901121305,-0.037782285162632046,0.47034534226797947,0.5016220379562816
pitcher_id,22820,3918,1844,0.4706482899438489,-0.053117685330913655,0.4550188196904724,0.48627776019722535
pitcher_id,23231,3864,2330,0.6030020703933747,0.07923609511861218,0.5875747309580045,0.618429409828745
pitcher_id,22996,3778,2119,0.5608787718369508,0.037112796562188244,0.5450534769142564,0.5767040667596451
pitcher_id,22617,3759,1902,0.5059856344772546,-0.0177803407975079,0.4900026163889509,0.5219686525655585
pitcher_id,23935,3744,1952,0.5213675213675214,-0.002398453907241138,0.505366002033909,0.5373690407011338
pitcher_id,21432,3741,2006,0.5362202619620422,0.012454286687279659,0.5202397858977172,0.5522007380263672
pitcher_id,22772,3690,1923,0.5211382113821138,-0.002627763892648738,0.5050197182326802,0.5372567045315474
pitcher_id,23893,3654,1874,0.5128626163108921,-0.010903358963870402,0.49665578725844606,0.5290694453633382
pitcher_id,23979,3616,1882,0.5204646017699115,-0.003301373504851046,0.50418110040997,0.536748103129853
pitcher_id,23043,3602,1736,0.4819544697390339,-0.041811505535728655,0.4656363096761635,0.4982726298019043
pitcher_id,23426,3571,2083,0.5833099971996639,0.05954402192490138,0.5671397225406501,0.5994802718586777
pitcher_id,24129,3552,1537,0.43271396396396394,-0.0910520113107986,0.4164202122316696,0.4490077156962583
pitcher_id,22302,3542,1763,0.4977413890457369,-0.026024586229025648,0.48127503813727807,0.5142077399541958
pitcher_id,22540,3522,1895,0.5380465644520159,0.014280589177253389,0.5215812348987826,0.5545118940052493
pitcher_id,22118,3508,1573,0.4484036488027366,-0.07536232647202595,0.4319458578992448,0.4648614397062284
pitcher_id,24389,3491,1678,0.48066456602692637,-0.043101409247836175,0.46409061014633923,0.4972385219075135
pitcher_id,22717,3441,1553,0.45132229003196744,-0.0724436852427951,0.43469521773101055,0.46794936233292433
pitcher_id,23917,3437,2020,0.5877218504509747,0.06395587517621215,0.5712649749743767,0.6041787259275727
pitcher_id,23849,3426,1985,0.5793928779918271,0.05562690271706461,0.5628623289118811,0.5959234270717731
pitcher_id,24252,3420,1699,0.49678362573099416,-0.02698234954376838,0.4800263260350207,0.5135409254269676
pitcher_id,22675,3417,1826,0.5343868890839918,0.010620913809229249,0.5176615827998803,0.5511121953681033
pitcher_id,23644,3400,1993,0.5861764705882353,0.06241049531347276,0.5696211195525822,0.6027318216238884
pitcher_id,22368,3369,1768,0.5247848026120511,0.0010188273372885304,0.5079215497912264,0.5416480554328758
pitcher_id,22427,3357,1845,0.5495978552278821,0.02583187995311953,0.5327671179709109,0.5664285924848532
pitcher_id,24140,3330,1827,0.5486486486486486,0.024882673373886055,0.5317466335601245,0.5655506637371727
pitcher_id,23786,3262,1615,0.49509503372164315,-0.02867094155311939,0.47793717058669627,0.51225289685659
pitcher_id,23558,3225,1540,0.47751937984496123,-0.04624659542980131,0.46027999336700465,0.4947587663229178
pitcher_id,23565,3210,1607,0.5006230529595016,-0.02314292231526094,0.483325955903164,0.5179201500158392
pitcher_id,22899,3197,1575,0.49264935877385047,-0.031116616500912075,0.4753189893311418,0.5099797282165591
pitcher_id,21943,3171,1512,0.4768211920529801,-0.046944783221782416,0.45943674839150866,0.4942056357144516
pitcher_id,23536,3164,1618,0.511378002528445,-0.012387972746317533,0.4939601197859288,0.5287958852709612
pitcher_id,22598,3152,1688,0.5355329949238579,0.011767019649095323,0.5181216019494616,0.5529443878982542
pitcher_id,24085,3137,1500,0.47816385081287854,-0.045602124461884,0.46068333423730173,0.49564436738845535
pitcher_id,23857,3136,1621,0.5169005102040817,-0.006865465070680865,0.49941051001469683,0.5343905103934665
pitcher_id,24020,3126,1587,0.5076775431861804,-0.016088432088582127,0.490151640975705,0.5252034453966559
pitcher_id,23631,3098,1696,0.5474499677211104,0.02368399244634789,0.5299224311476027,0.5649775042946181
pitcher_id,24109,3093,1655,0.5350792111218882,0.011313235847125624,0.5175014064809266,0.5526570157628498
pitcher_id,21813,3085,1560,0.5056726094003241,-0.01809336587443844,0.48802968635518285,0.5233155324454654
pitcher_id,22508,3085,1563,0.5066450567260941,-0.017120918548668485,0.48900255640422363,0.5242875570479645
pitcher_id,24459,3085,1576,0.5108589951377633,-0.012906980136999202,0.49321909812455395,0.5284988921509728
pitcher_id,23632,3076,1608,0.5227568270481144,-0.0010091482266481044,0.5051052860941326,0.5404083680020962
pitcher_id,23092,3064,1497,0.48857702349869453,-0.03518895177606801,0.4708772247511191,0.50627682224627
pitcher_id,24099,3048,1515,0.4970472440944882,-0.026718731180274347,0.47929672650579963,0.5147977616831768
pitcher_id,22253,3007,1694,0.5633521782507482,0.039586202975985696,0.5456247802491156,0.5810795762523808
pitcher_id,21994,2992,1570,0.5247326203208557,0.0009666450460931175,0.5068383780915313,0.54262686255018
pitcher_id,23415,2982,1871,0.6274312541918176,0.10366527891705501,0.6100776960221029,0.6447848123615322
pitcher_id,23504,2982,1602,0.5372233400402414,0.013457364765478874,0.5193269510138481,0.5551197290666348
pitcher_id,23597,2969,1401,0.47187605254294374,-0.051889922731818805,0.4539190902051467,0.48983301488074077
pitcher_id,23312,2957,1576,0.5329726073723369,0.00920663209757433,0.5149899433424162,0.5509552714022575
pitcher_id,23914,2949,1564,0.5303492709393015,0.006583295664538968,0.5123362242959543,0.5483623175826488
pitcher_id,23418,2947,1724,0.5850016966406515,0.06123572136588895,0.5672120334040198,0.6027913598772832
pitcher_id,22703,2933,1655,0.5642686668939653,0.040502691619202724,0.5463232974827709,0.5822140363051597
pitcher_id,22761,2928,1581,0.5399590163934426,0.01619304111868003,0.5219060241479598,0.5580120086389253
pitcher_id,24483,2906,1660,0.5712319339298004,0.04746595865503789,0.5532380165691558,0.589225851290445
pitcher_id,24327,2904,1560,0.5371900826446281,0.013424107369865546,0.5190548518528696,0.5553253134363866
pitcher_id,24237,2876,1315,0.45723226703755215,-0.06653370823721039,0.439025322186381,0.4754392118887233
pitcher_id,23614,2875,1552,0.5398260869565218,0.016060111681759248,0.5216070641969156,0.558045109716128
pitcher_id,23869,2868,1429,0.49825662482566246,-0.025509350449100077,0.47995735073188517,0.5165558989194398
pitcher_id,24570,2832,1424,0.5028248587570622,-0.020941116517700364,0.48440982497559626,0.5212398925385281
pitcher_id,23424,2829,1413,0.49946977730646874,-0.024296197968293798,0.4810446983429052,0.5178948562700323
pitcher_id,23915,2828,1598,0.5650636492220651,0.04129767394730255,0.5467919933614815,0.5833353050826486
pitcher_id,24306,2820,1547,0.548581560283688,0.024815585008925445,0.5302144105048728,0.5669487100625031
pitcher_id,23916,2809,1477,0.525809896760413,0.0020439214856504684,0.5073439821648447,0.5442758113559814
pitcher_id,22840,2795,1613,0.5771019677996422,0.05333599252487964,0.5587868686116411,0.5954170669876433
pitcher_id,23962,2789,1497,0.5367515238436715,0.012985548568908989,0.5182449741825556,0.5552580735047875
pitcher_id,24447,2785,1378,0.4947935368043088,-0.02897243847045372,0.4762244763731079,0.5133625972355098
pitcher_id,23655,2764,1769,0.6400144717800289,0.11624849650526636,0.6221197697948929,0.6579091737651649
pitcher_id,24043,2728,1383,0.5069648093841642,-0.016801165890598324,0.48820356007567584,0.5257260586926527
pitcher_id,23496,2704,1488,0.5502958579881657,0.026529882713403174,0.5315452957980482,0.5690464201782832
pitcher_id,23651,2692,1356,0.5037147102526003,-0.020051265022162257,0.48482711959659003,0.5226023009086105
pitcher_id,23930,2685,1271,0.4733705772811918,-0.050395397993570734,0.45448470204561975,0.49225645251676386
pitcher_id,21549,2671,1729,0.6473230999625609,0.12355712468779834,0.6292026829789711,0.6654435169461507
pitcher_id,24541,2604,1181,0.4535330261136713,-0.07023294916109124,0.4344115242407859,0.4726545279865567
pitcher_id,24604,2599,1565,0.6021546748749519,0.07838869960018935,0.5833370809498554,0.6209722688000484
pitcher_id,23627,2597,1448,0.5575664227955333,0.033800447520770716,0.5384638245398896,0.5766690210511769
pitcher_id,23617,2569,1262,0.491241728298949,-0.03252424697581352,0.4719097016026064,0.5105737549952916
pitcher_id,23758,2569,1485,0.5780459322693655,0.054279956994602974,0.5589479369359627,0.5971439276027684
pitcher_id,24286,2563,1263,0.4927818962153726,-0.030984079059389935,0.47342630178421563,0.5121374906465296
pitcher_id,24076,2550,1152,0.45176470588235296,-0.07200126939240958,0.43244833097429,0.47108108079041594
pitcher_id,23534,2538,1479,0.58274231678487,0.058976341510107444,0.5635578067583283,0.6019268268114116
pitcher_id,23501,2533,1267,0.5001973943939992,-0.0235685808807633,0.4807254891739329,0.5196692996140656
pitcher_id,24056,2502,1304,0.5211830535571543,-0.002582921717608211,0.5016084796143645,0.5407576274999442
pitcher_id,23871,2497,1285,0.5146175410492592,-0.009148434225503377,0.4950141532385703,0.5342209288599481
pitcher_id,22205,2478,1281,0.5169491525423728,-0.006816822732389705,0.497273653413464,0.5366246516712816
pitcher_id,23932,2478,1265,0.5104923325262308,-0.013273642748531711,0.49080985421796197,0.5301748108344997
pitcher_id,23515,2465,1143,0.4636916835699797,-0.060074291704782845,0.4440051374450944,0.483378229694865
pitcher_id,24509,2465,1315,0.5334685598377282,0.009702584562965688,0.5137741721640542,0.5531629475114023
pitcher_id,23784,2462,1202,0.4882209585702681,-0.03554501670449445,0.46847576003547303,0.5079661571050631
pitcher_id,22667,2462,1125,0.45694557270511776,-0.06682040256964478,0.43726825202646546,0.47662289338377006
pitcher_id,22154,2439,1289,0.5284952849528495,0.004729309678086935,0.508683949588279,0.54830662031742
pitcher_id,24540,2429,1361,0.5603128859613009,0.03654691068653837,0.5405736886562533,0.5800520832663485
pitcher_id,24086,2427,1049,0.4322208487845076,-0.09154512649025492,0.4125118864403047,0.45192981112871056
pitcher_id,21414,2412,1378,0.5713101160862355,0.04754414081147296,0.5515597570787734,0.5910604750936976
pitcher_id,24560,2398,1200,0.5004170141784821,-0.023348961096280485,0.48040451462383454,0.5204295137331295
pitcher_id,23870,2380,1051,0.44159663865546217,-0.08216933661930037,0.42164610650833917,0.46154717080258517
pitcher_id,24193,2369,1329,0.5609962009286619,0.03723022565389933,0.5410119607589572,0.5809804410983666
pitcher_id,23459,2342,1237,0.5281810418445773,0.0044150665698147185,0.5079628774224718,0.5483992062666827
pitcher_id,23047,2332,1185,0.508147512864494,-0.015618462410268541,0.48785648083750327,0.5284385448914847
pitcher_id,22478,2299,1367,0.5946063505872118,0.07084037531244924,0.5745366992406987,0.6146760019337248
pitcher_id,24018,2265,1557,0.6874172185430464,0.16365124326828384,0.6683268331048954,0.7065076039811974
pitcher_id,23749,2252,1157,0.5137655417406749,-0.010000433534087638,0.49312233171423836,0.5344087517671114
pitcher_id,24440,2246,1122,0.4995547640249332,-0.024211211249829334,0.4788761690197304,0.520233359030136
pitcher_id,24444,2245,1111,0.49487750556792875,-0.028888469706833786,0.4741953828786129,0.5155596282572447
pitcher_id,22721,2241,1170,0.5220883534136547,-0.0016776218611078697,0.5014069049149918,0.5427698019123175
pitcher_id,23429,2235,1258,0.5628635346756152,0.03909755940085269,0.5422985977150119,0.5834284716362186
pitcher_id,22491,2232,1219,0.546146953405018,0.022380978130255413,0.5254921359326734,0.5668017708773625
pitcher_id,23898,2202,1246,0.5658492279745686,0.04208325269980606,0.5451469532874629,0.5865515026616743
pitcher_id,23860,2173,1164,0.5356649792913023,0.01189900401653976,0.5146954561174982,0.5566345024651064
pitcher_id,23761,2165,1050,0.48498845265588914,-0.038777522618873406,0.46393606766179174,0.5060408376499865
pitcher_id,22201,2145,1117,0.5207459207459207,-0.003020054528841798,0.4996043003602926,0.5418875411315489
pitcher_id,22621,2145,1090,0.5081585081585082,-0.015607467116254381,0.4870014828600762,0.5293155334569402
pitcher_id,23512,2140,1165,0.544392523364486,0.020626548089723418,0.523291637816514,0.5654934089124579
pitcher_id,21622,2119,1183,0.558282208588957,0.03451623331419451,0.5371380731030968,0.5794263440748173
pitcher_id,23748,2112,1144,0.5416666666666666,0.01790069139190409,0.5204163262554499,0.5629170070778834
pitcher_id,24265,2099,840,0.4001905669366365,-0.12357540833812602,0.3792306324159594,0.42115050145731364
pitcher_id,22015,2087,895,0.42884523239099187,-0.09492074288377067,0.407611710066374,0.45007875471560976
pitcher_id,23684,2082,1011,0.48559077809798273,-0.03817519717677981,0.46412210036653245,0.507059455829433
pitcher_id,23713,2076,1064,0.51252408477842,-0.0112418904963425,0.4910222204210508,0.5340259491357893
pitcher_id,23557,2075,1174,0.5657831325301205,0.04201715725535793,0.5444563488570997,0.5871099162031412
pitcher_id,23293,2058,1152,0.5597667638483965,0.03600078857363398,0.5383191810004475,0.5812143466963455
pitcher_id,23500,2053,1156,0.5630784218217243,0.039312446546961755,0.541622469973174,0.5845343736702746
pitcher_id,24619,2029,872,0.4297683587974372,-0.09399761647732535,0.40822775251741067,0.4513089650774637
pitcher_id,24110,2019,983,0.4868746904408123,-0.036891284833950266,0.46507209332965344,0.5086772875519712
pitcher_id,22143,2003,989,0.49375936095856215,-0.030006614316200386,0.4718640170651226,0.5156547048520017
pitcher_id,24089,2000,1042,0.521,-0.002765975274762522,0.49910587002870405,0.5428941299712959
pitcher_id,23554,1994,999,0.5010030090270813,-0.02276296624768126,0.47905664266239645,0.5229493753917661
pitcher_id,24269,1987,1096,0.5515853044791142,0.027819329204351706,0.5297175897485179,0.5734530192097106
pitcher_id,23190,1982,960,0.4843592330978809,-0.039406742176881615,0.46235725841809394,0.5063612077776679
pitcher_id,24126,1977,1179,0.5963581183611533,0.07259214308639073,0.5747307132323565,0.6179855234899501
pitcher_id,24021,1966,1024,0.5208545269582909,-0.00291144831647161,0.4987716206008965,0.5429374333156853
pitcher_id,24136,1960,970,0.49489795918367346,-0.028868016091089077,0.4727631680260448,0.5170327503413021
pitcher_id,23751,1959,972,0.49617151607963245,-0.027594459195130094,0.47403057245329466,0.5183124597059703
pitcher_id,24423,1956,941,0.4810838445807771,-0.042682130693985465,0.45894114190597207,0.5032265472555821
pitcher_id,23944,1953,1219,0.6241679467485919,0.10040197147382934,0.6026870410184925,0.6456488524786913
pitcher_id,22867,1952,934,0.47848360655737704,-0.0452823687173855,0.45632289615055854,0.5006443169641955
pitcher_id,24224,1924,806,0.4189189189189189,-0.10484705635584363,0.3968725590380521,0.44096527879978575
pitcher_id,23902,1883,884,0.46946362187997875,-0.05430235339478379,0.44692177642600234,0.49200546733395517
pitcher_id,23458,1880,970,0.5159574468085106,-0.007808528466251907,0.4933669459033026,0.5385479477137186
pitcher_id,24185,1877,909,0.48428343100692595,-0.039482544267836595,0.46167453882949516,0.5068923231843567
pitcher_id,21991,1876,925,0.49307036247334757,-0.030695612801414973,0.4704464378520902,0.515694287094605
pitcher_id,22905,1866,992,0.5316184351554126,0.007852459880650087,0.5089771974324269,0.5542596728783984
pitcher_id,23787,1862,921,0.49462943071965626,-0.02913654455510628,0.4719197419064789,0.5173391195328336
pitcher_id,23369,1843,856,0.46446011937059145,-0.05930585590417109,0.44169009333463466,0.48723014540654824
pitcher_id,24055,1812,968,0.5342163355408388,0.010450360266076264,0.5112480973513911,0.5571845737302865
pitcher_id,23697,1807,890,0.49252905368013283,-0.031236921594629707,0.4694775896270674,0.5155805177331982
pitcher_id,24013,1803,1013,0.5618413754853022,0.03807540021053968,0.5389389884546455,0.5847437625159589
pitcher_id,22312,1801,829,0.4602998334258745,-0.06346614184888805,0.4372803327020513,0.4833193341496977
pitcher_id,22925,1792,926,0.5167410714285714,-0.007024903846191144,0.49360372747597686,0.539878415381166
pitcher_id,24508,1783,926,0.5193494111048794,-0.004416564169883119,0.4961581182081497,0.5425407040016091
pitcher_id,23334,1772,944,0.5327313769751693,0.008965401700406717,0.50950071098568,0.5559620429646586
pitcher_id,24319,1772,822,0.463882618510158,-0.059883356764604545,0.4406628328522303,0.4871024041680857
pitcher_id,23289,1748,958,0.5480549199084668,0.024288944633704235,0.5247235505469668,0.5713862892699667
pitcher_id,24178,1747,868,0.4968517458500286,-0.026914229424733926,0.4734056241990493,0.5202978675010079
pitcher_id,23462,1746,913,0.52290950744559,-0.0008564678291725913,0.49948083925125997,0.5463381756399199
pitcher_id,23643,1734,1245,0.7179930795847751,0.19422710431001255,0.6968132950853622,0.739172864084188
pitcher_id,23977,1731,886,0.511842865395725,-0.011923109879037552,0.4882947755063532,0.5353909552850967
pitcher_id,23542,1711,945,0.5523085914669784,0.028542616192215875,0.5287466351702182,0.5758705477637386
pitcher_id,23759,1702,871,0.5117508813160987,-0.012015093958663847,0.488002920310992,0.5354988423212054
pitcher_id,22583,1679,816,0.4860035735556879,-0.037762401719074634,0.462096275037914,0.5099108720734618
pitcher_id,23030,1653,767,0.46400483968542044,-0.059761135589342096,0.4399633522410405,0.4880463271298004
pitcher_id,22922,1652,731,0.4424939467312349,-0.08127202854352766,0.4185426235709774,0.4664452698914924
pitcher_id,24152,1619,906,0.5596046942557134,0.03583871898095081,0.5354225581062039,0.5837868304052228
pitcher_id,21840,1602,842,0.5255930087390761,0.0018270334643135655,0.5011404029974114,0.5500456144807409
pitcher_id,24623,1602,789,0.49250936329588013,-0.03125661197888241,0.468027409265061,0.5169913173266993
pitcher_id,22596,1576,1015,0.6440355329949239,0.12026955772016135,0.6203961463844659,0.6676749196053818
pitcher_id,23717,1575,829,0.5263492063492063,0.0025832310744438036,0.5016898399731499,0.5510085727252628
pitcher_id,24223,1552,806,0.5193298969072165,-0.004436078367546004,0.4944725123801548,0.5441872814342783
pitcher_id,23455,1534,712,0.4641460234680574,-0.05961995180670515,0.43918893390725694,0.48910311302885784
pitcher_id,23568,1526,809,0.5301441677588467,0.006378192484084111,0.5051027963542329,0.5551855391634604
pitcher_id,22123,1511,933,0.6174718729318333,0.09370589765707071,0.5929663420200179,0.6419774038436487
pitcher_id,24234,1501,751,0.5003331112591606,-0.023432864015601962,0.4750380559597348,0.5256281665585864
pitcher_id,23772,1484,758,0.5107816711590296,-0.012984304115732925,0.48534805380384954,0.5362152885142096
pitcher_id,22404,1479,830,0.5611899932386748,0.03742401796391226,0.5358990396302951,0.5864809468470545
pitcher_id,23484,1475,644,0.4366101694915254,-0.08715580578323712,0.41129904228591596,0.4619212966971349
pitcher_id,24344,1467,776,0.5289706884798909,0.005204713205128386,0.5034271661080434,0.5545142108517385
pitcher_id,22458,1465,806,0.5501706484641639,0.026404673189401318,0.5246959024628222,0.5756453944655056
pitcher_id,24626,1463,612,0.4183185235816815,-0.10544745169308106,0.393041259059359,0.44359578810400396
pitcher_id,21558,1456,812,0.5576923076923077,0.03392633241754517,0.5321808686308613,0.5832037467537541
pitcher_id,23257,1452,717,0.493801652892562,-0.029964322382200537,0.46808529896662415,0.5195180068184998
pitcher_id,22595,1448,687,0.4744475138121547,-0.04931846146260782,0.44872733844028545,0.500167689184024
pitcher_id,24209,1447,699,0.48306841741534207,-0.040697557859420475,0.4573204671555093,0.5088163676751748
pitcher_id,23094,1413,758,0.5364472753007785,0.012681300026015974,0.5104457945374209,0.5624487560641361
pitcher_id,23101,1412,692,0.49008498583569404,-0.0336809894390685,0.4640100455976526,0.5161599260737355
pitcher_id,24544,1412,591,0.4185552407932011,-0.10521073448156143,0.3928234894911285,0.4442869920952737
pitcher_id,23963,1397,691,0.49463135289906945,-0.029134622375693087,0.46841315505220976,0.5208495507459292
pitcher_id,21875,1387,735,0.5299206921413122,0.00615471686654967,0.5036537905412098,0.5561875937414146
pitcher_id,21654,1361,736,0.5407788390889052,0.017012863814142687,0.5143031178738047,0.5672545603040058
pitcher_id,24355,1361,585,0.4298310066127847,-0.09393496866197781,0.4035296786193759,0.45613233460619357
pitcher_id,24078,1351,596,0.4411547002220577,-0.08261127505270482,0.4146776466896891,0.46763175375442634
pitcher_id,22234,1342,797,0.5938897168405365,0.07012374156577394,0.5676139917485,0.620165441932573
pitcher_id,22311,1342,701,0.522354694485842,-0.0014112807889204992,0.4956298417136314,0.5490795472580527
pitcher_id,23513,1340,644,0.48059701492537316,-0.043168960349389385,0.4538456203397114,0.5073484095110349
pitcher_id,24392,1338,565,0.42227204783258593,-0.10149392744217661,0.39580619628768166,0.4487378993774902
pitcher_id,24388,1312,588,0.4481707317073171,-0.07559524356744546,0.42126075852656675,0.4750807048880674
pitcher_id,24568,1311,669,0.5102974828375286,-0.013468492437233914,0.4832371828555936,0.5373577828194637
pitcher_id,24147,1286,686,0.5334370139968896,0.009671038722127046,0.5061703314730527,0.5607036965207265
pitcher_id,24328,1282,632,0.49297971918876754,-0.030786256085995,0.4656119592913764,0.5203474790861587
pitcher_id,23232,1276,685,0.536833855799373,0.013067880524610498,0.509473667248726,0.5641940443500201
pitcher_id,22734,1271,683,0.5373721479150275,0.01360617264026498,0.5099603980360096,0.5647838977940455
pitcher_id,23110,1254,638,0.5087719298245614,-0.01499404545020111,0.48110184681234547,0.5364420128367774
pitcher_id,23628,1253,672,0.5363128491620112,0.012546873887248622,0.5087005755885046,0.5639251227355178
pitcher_id,23204,1251,631,0.504396482813749,-0.019369492461013493,0.47669004891835853,0.5321029167091396
pitcher_id,23737,1251,618,0.4940047961630695,-0.029761179111693015,0.46629928295073503,0.5217103093754041
pitcher_id,24607,1248,610,0.48878205128205127,-0.034983923992711274,0.46104824675739187,0.5165158558067107
pitcher_id,23766,1244,682,0.5482315112540193,0.024465535979256714,0.5205757354457796,0.5758872870622589
pitcher_id,23284,1243,616,0.49557522123893805,-0.028190754035824495,0.4677797843360088,0.5233706581418673
pitcher_id,24527,1238,573,0.462843295638126,-0.060922679636636556,0.4350677091484395,0.49061888212781246
pitcher_id,23731,1233,559,0.45336577453365773,-0.07040020074110481,0.4255784131867837,0.48115313588053177
pitcher_id,23953,1227,635,0.5175224123879381,-0.006243562886824483,0.4895624267962554,0.5454823979796207
pitcher_id,24411,1224,629,0.5138888888888888,-0.009877086385873701,0.4858882622820859,0.5418895154956918
pitcher_id,23636,1222,854,0.6988543371522095,0.17508836187744692,0.673132492724514,0.7245761815799049
pitcher_id,21874,1216,779,0.640625,0.11685902472523746,0.6136559805637202,0.6675940194362798
pitcher_id,23747,1212,631,0.5206270627062707,-0.0031389125684918584,0.49250126249778137,0.54875286291476
pitcher_id,23475,1206,550,0.4560530679933665,-0.06771290728139606,0.4279425807033968,0.48416355528333616
pitcher_id,23653,1202,516,0.4292845257903494,-0.09448144948441312,0.4013020408616003,0.45726701071909853
pitcher_id,24307,1178,561,0.4762308998302207,-0.04753507544454183,0.4477100705970207,0.5047517290634207
pitcher_id,24303,1164,662,0.5687285223367697,0.044962547062007197,0.5402768725579475,0.5971801721155919
pitcher_id,24329,1161,531,0.4573643410852713,-0.06640163418949124,0.42870770048259793,0.48602098168794466
pitcher_id,22505,1157,627,0.5419187554019015,0.018152780127138946,0.5132091159716676,0.5706283948321353
pitcher_id,22964,1145,629,0.5493449781659389,0.025579002891176317,0.5205247101743813,0.5781652461574964
pitcher_id,21754,1143,573,0.5013123359580053,-0.022453639316757257,0.4723254564948237,0.5302992154211869
pitcher_id,23005,1139,539,0.47322212467076386,-0.050543850603998686,0.44422596430278893,0.5022182850387388
pitcher_id,24011,1138,610,0.5360281195079086,0.012262144233146088,0.5070530452910706,0.5650031937247466
pitcher_id,22487,1135,570,0.5022026431718062,-0.021563332102956356,0.4731139687487086,0.5312913175949038
pitcher_id,22110,1135,733,0.6458149779735682,0.1220490026988057,0.6179904828412993,0.6736394731058372
pitcher_id,22795,1130,783,0.6929203539823009,0.16915437870753836,0.6660245813609964,0.7198161266036054
pitcher_id,24343,1125,454,0.40355555555555556,-0.12021041971920698,0.3748862961529271,0.432224814958184
pitcher_id,22666,1119,588,0.5254691689008043,0.0017031936260417657,0.496211018696545,0.5547273191050637
pitcher_id,23843,1114,605,0.5430879712746858,0.019321995999923236,0.5138353449424187,0.5723405976069529
pitcher_id,22309,1107,706,0.6377597109304426,0.11399373565568005,0.6094451926778748,0.6660742291830104
pitcher_id,22180,1098,634,0.5774134790528234,0.05364750377806082,0.5481950958637857,0.606631862241861
pitcher_id,22280,1097,576,0.5250683682771194,0.0013023930023569052,0.4955170926001904,0.5546196439540485
pitcher_id,24461,1089,566,0.519742883379247,-0.004023091895515529,0.490069073368484,0.5494166933900101
pitcher_id,24146,1086,516,0.47513812154696133,-0.04862785372780121,0.44543694781451326,0.5048392952794094
pitcher_id,23654,1081,596,0.5513413506012951,0.027575375326532536,0.5216922495957261,0.580990451606864
pitcher_id,22335,1080,560,0.5185185185185185,-0.005247456756244051,0.48871852816811034,0.5483185088689266
pitcher_id,22851,1073,565,0.5265610438024231,0.002795068527660538,0.49668572361870195,0.5564363639861443
pitcher_id,23771,1071,518,0.48366013071895425,-0.04010584455580829,0.4537306411234855,0.513589620314423
pitcher_id,24463,1071,544,0.5079365079365079,-0.015829467338254632,0.4779947963596993,0.5378782195133165
pitcher_id,24627,1067,528,0.4948453608247423,-0.028920614450020254,0.46484539319720264,0.5248453284522819
pitcher_id,22541,1065,507,0.476056338028169,-0.04770963724659355,0.446061070564847,0.506051605491491
pitcher_id,23673,1060,581,0.5481132075471699,0.024347232272407315,0.5181524288752193,0.5780739862191204
pitcher_id,24622,1053,494,0.4691358024691358,-0.054630172805626764,0.43899305098360925,0.4992785539546623
pitcher_id,22261,1046,627,0.5994263862332696,0.07566041095850706,0.5697302924246156,0.6291224800419236
pitcher_id,24239,1046,545,0.5210325047801148,-0.002733470494647783,0.49075809684063715,0.5513069127195924
pitcher_id,24205,1032,505,0.4893410852713178,-0.03442489000344473,0.45884195028610364,0.519840220256532
pitcher_id,23676,1027,485,0.47224926971762415,-0.05151670555713839,0.4417161684212219,0.5027823710140265
pitcher_id,23137,1014,566,0.5581854043392505,0.034419429064487916,0.527618858694561,0.5887519499839399
pitcher_id,24467,1012,533,0.5266798418972332,0.002913866622470618,0.49591769343293496,0.5574419903615313
pitcher_id,21699,1008,520,0.5158730158730159,-0.007892959401746613,0.48502147525833933,0.5467245564876926
pitcher_id,24183,1004,477,0.4750996015936255,-0.04866637368113702,0.44420945286930313,0.5059897503179479
pitcher_id,24387,1003,501,0.4995014955134596,-0.024264479761302915,0.4685575709734347,0.5304454200534845
pitcher_id,23498,997,497,0.49849548645937813,-0.025270488815384407,0.46745871556182295,0.5295322573569333
pitcher_id,23640,994,524,0.5271629778672032,0.00339700259244069,0.4961251680829152,0.5582007876514913
pitcher_id,21830,993,630,0.6344410876132931,0.11067511233853056,0.6044870213725904,0.6643951538539958
pitcher_id,23982,985,497,0.5045685279187817,-0.019197447355980835,0.47334443497844014,0.5357926208591233
pitcher_id,24012,975,457,0.4687179487179487,-0.055048026556813845,0.43739431566343034,0.500041581772467
pitcher_id,24133,971,545,0.5612770339855818,0.03751105871081928,0.530064410238761,0.5924896577324026
pitcher_id,24211,966,515,0.5331262939958592,0.009360318721096661,0.5016645880827397,0.5645879999089787
pitcher_id,20700,959,563,0.5870698644421272,0.06330388916736462,0.555907532384277,0.6182321964999773
pitcher_id,22932,957,517,0.5402298850574713,0.01646390978270873,0.5086536915782555,0.5718060785366871
pitcher_id,22785,957,508,0.5308254963427377,0.0070595210679751386,0.49920685594428427,0.5624441367411911
pitcher_id,23689,946,537,0.5676532769556025,0.043887301680839985,0.5360837435140509,0.5992228103971542
pitcher_id,23790,936,546,0.5833333333333334,0.05956735805857083,0.5517490575503881,0.6149176091162787
pitcher_id,23090,935,527,0.5636363636363636,0.03987038836160106,0.5318475702079517,0.5954251570647755
pitcher_id,23574,935,477,0.5101604278074866,-0.013605547467275936,0.4781176186224346,0.5422032369925386
pitcher_id,23362,932,496,0.5321888412017167,0.008422865926954182,0.5001544639515091,0.5642232184519244
pitcher_id,23314,896,458,0.5111607142857143,-0.01260526098904824,0.4784293693334699,0.5438920592379587
pitcher_id,23648,893,481,0.5386338185890257,0.014867843314263163,0.5059374117051932,0.5713302254728582
pitcher_id,24546,882,387,0.4387755102040816,-0.08499046507068092,0.40602551236779705,0.4715255080403662
pitcher_id,22911,869,506,0.5822784810126582,0.05851250573789568,0.5494874571208538,0.6150695049044627
pitcher_id,23972,868,373,0.42972350230414746,-0.09404247297061508,0.3967903351106776,0.4626566694976173
pitcher_id,24271,862,463,0.537122969837587,0.013356994562824465,0.5038361645212556,0.5704097751539184
pitcher_id,24484,857,397,0.4632438739789965,-0.06052210129576602,0.42985828766303186,0.4966294602949612
pitcher_id,24488,856,385,0.4497663551401869,-0.07399962013457562,0.4164401208893227,0.48309258939105115
pitcher_id,23258,854,392,0.45901639344262296,-0.06474958183213958,0.4255943278954453,0.4924384589898006
pitcher_id,24088,838,383,0.45704057279236276,-0.06672540248239978,0.42331222024359705,0.4907689253411285
pitcher_id,24485,837,446,0.5328554360812425,0.009089460806479988,0.4990548918967236,0.5666559802657615
pitcher_id,22136,834,408,0.4892086330935252,-0.03455734218123735,0.4552819129403871,0.5231353532466633
pitcher_id,24169,829,398,0.48009650180940894,-0.0436694734653536,0.4460866729406117,0.5141063306782062
pitcher_id,23703,827,446,0.5392986698911729,0.01553269461641038,0.5053261529236072,0.5732711868587387
pitcher_id,22933,819,427,0.5213675213675214,-0.002398453907241138,0.4871548339308261,0.5555802088042167
pitcher_id,24424,815,425,0.5214723926380368,-0.002293582636725744,0.4871761591812271,0.5557686260948466
pitcher_id,24166,812,439,0.5406403940886699,0.016874418813907388,0.5063629285000795,0.5749178596772604
pitcher_id,22810,807,547,0.677819083023544,0.15405310774878145,0.6455767762044848,0.7100613898426031
pitcher_id,21279,802,446,0.5561097256857855,0.032343750411023,0.5217233069627415,0.5904961444088296
pitcher_id,24629,792,396,0.5,-0.02376597527476254,0.4651772163285836,0.5348227836714163
pitcher_id,24157,785,521,0.6636942675159235,0.139928292241161,0.6306441954105575,0.6967443396212896
pitcher_id,23736,784,412,0.5255102040816326,0.001744228806870085,0.49055578770129815,0.5604646204619671
pitcher_id,23564,774,392,0.5064599483204134,-0.01730602695434913,0.4712375158385986,0.5416823808022282
pitcher_id,24608,766,338,0.4412532637075718,-0.08251271156719076,0.40608967824799824,0.47641684916714533
pitcher_id,24028,764,395,0.5170157068062827,-0.006750268468479814,0.4815810880606159,0.5524503255519496
pitcher_id,21978,758,398,0.525065963060686,0.0012999877859234399,0.48951551740739235,0.5606164087139796
pitcher_id,24051,752,421,0.5598404255319149,0.03607445025715239,0.5243603647408515,0.5953204863229784
pitcher_id,24512,750,306,0.408,-0.11576597527476257,0.37282643610891836,0.4431735638910816
pitcher_id,24624,748,353,0.47192513368983957,-0.05184084158492297,0.43614931547984753,0.5077009518998317
pitcher_id,22731,747,418,0.5595716198125836,0.03580564453782109,0.5239706967526949,0.5951725428724723
pitcher_id,24313,743,364,0.4899057873485868,-0.03386018792617573,0.45396040169003665,0.5258511730071369
pitcher_id,23385,741,394,0.5317139001349528,0.007947924860190247,0.495785191515803,0.5676426087541026
pitcher_id,23904,738,343,0.46476964769647694,-0.0589963275782856,0.42878500983338647,0.5007542855595674
pitcher_id,23383,733,420,0.572987721691678,0.04922174641691546,0.5371783316635296,0.6087971117198264
pitcher_id,23154,725,376,0.5186206896551724,-0.005145285619590156,0.4822496515045391,0.5549917278058057
pitcher_id,23858,721,350,0.4854368932038835,-0.03832908207087904,0.44895527018584214,0.5219185162219249
pitcher_id,24559,710,389,0.547887323943662,0.024121348668899478,0.511277649646241,0.584496998241083
pitcher_id,24044,700,354,0.5057142857142857,-0.01805168956047687,0.4686761864110007,0.5427523850175706
pitcher_id,22901,698,314,0.4498567335243553,-0.07390924175040725,0.41295018997340865,0.4867632770753019
pitcher_id,23951,688,388,0.563953488372093,0.040187513097330485,0.5268982250190132,0.6010087517251729
pitcher_id,23991,684,327,0.4780701754385965,-0.04569579983616606,0.44063499738059697,0.515505353496596
pitcher_id,23954,680,375,0.5514705882352942,0.027704612960531616,0.5140889564045279,0.5888522200660604
pitcher_id,24064,676,368,0.5443786982248521,0.020612722950089535,0.5068351517446503,0.5819222447050538
pitcher_id,24571,675,317,0.4696296296296296,-0.05413634564513292,0.4319790595362101,0.5072801997230492
pitcher_id,23260,671,317,0.47242921013412814,-0.0513367651406344,0.434654290137196,0.5102041301310604
pitcher_id,23567,665,349,0.524812030075188,0.001046054800425411,0.4868560807455055,0.5627679794048704
pitcher_id,23863,662,415,0.6268882175226587,0.10312224224789612,0.5900463520687205,0.6637300829765969
pitcher_id,24151,661,323,0.4886535552193646,-0.03511242005539794,0.4505457888986061,0.5267613215401231
pitcher_id,23294,649,295,0.45454545454545453,-0.06922052072930801,0.41623637959847487,0.4928545294924342
pitcher_id,22473,639,365,0.5712050078247262,0.04743903254996362,0.5328319420779766,0.6095780735714758
pitcher_id,20938,638,349,0.5470219435736677,0.023255968298905194,0.5083953252624677,0.5856485618848678
pitcher_id,22978,631,370,0.5863708399366085,0.062604864661846,0.5479441347713955,0.6247975451018216
pitcher_id,23532,622,360,0.5787781350482315,0.05501215977346896,0.5399745018753627,0.6175817682211003
pitcher_id,24469,619,296,0.4781906300484653,-0.04557534522629725,0.4388385933535744,0.5175426667433562
pitcher_id,23332,618,335,0.5420711974110033,0.01830522213624075,0.5027896145017193,0.5813527803202873
pitcher_id,24059,618,338,0.5469255663430421,0.023159591068279584,0.5076781814388428,0.5861729512472414
pitcher_id,24631,608,263,0.43256578947368424,-0.0912001858010783,0.39318466395085916,0.4719469149965093
pitcher_id,24026,606,278,0.45874587458745875,-0.0650201006873038,0.4190718320231031,0.4984199171518144
pitcher_id,24573,597,258,0.4321608040201005,-0.09160517125466205,0.3924229621946774,0.47189864584552355
pitcher_id,24241,593,326,0.5497470489038786,0.025981073629116058,0.5097029558393434,0.5897911419684138
pitcher_id,23336,589,350,0.5942275042444821,0.07046152896971958,0.5545708471694001,0.6338841613195642
pitcher_id,24042,589,290,0.4923599320882852,-0.03140604318647733,0.4519844498710357,0.5327354143055347
pitcher_id,22776,580,322,0.5551724137931034,0.03140643851834091,0.5147286216376129,0.595616205948594
pitcher_id,22099,572,288,0.5034965034965035,-0.020269471778258996,0.4625216469221289,0.5444713600708783
pitcher_id,22220,569,267,0.46924428822495606,-0.05452168704980648,0.42823834803373106,0.5102502284161811
pitcher_id,23942,556,317,0.5701438848920863,0.0463779096173238,0.5289936360725094,0.6112941337116633
pitcher_id,23145,551,326,0.5916515426497277,0.0678855673749652,0.5506095222246714,0.6326935630747841
pitcher_id,24117,547,224,0.40950639853747717,-0.11425957673728537,0.36829661320888607,0.45071618386606827
pitcher_id,24118,530,268,0.5056603773584906,-0.018105597916271976,0.4630946254323869,0.5482261292845942
pitcher_id,23560,529,245,0.46313799621928164,-0.060627979055480896,0.4206452523532443,0.5056307400853189
pitcher_id,23151,525,267,0.5085714285714286,-0.015194546703333978,0.46580700722221197,0.5513358499206452
pitcher_id,22622,523,226,0.4321223709369025,-0.09164360433786006,0.3896666732378696,0.4745780686359354
pitcher_id,23157,517,245,0.4738878143133462,-0.04987816096141634,0.43084627934921815,0.5169293492774742
pitcher_id,22615,515,259,0.5029126213592233,-0.02085335391553922,0.4597293944304207,0.5460958482880259
pitcher_id,23423,512,349,0.681640625,0.15787464972523746,0.6412893143520478,0.7219919356479522
pitcher_id,23743,510,302,0.592156862745098,0.0683908874703355,0.5495052019965129,0.6348085234936832
pitcher_id,22007,494,314,0.6356275303643725,0.11186155508960993,0.5931883757142336,0.6780666850145114
pitcher_id,23054,493,260,0.5273833671399595,0.0036173918651969394,0.4833126287586732,0.5714541055212458
pitcher_id,23556,493,308,0.6247464503042597,0.10098047502949714,0.5820052302609179,0.6674876703476015
pitcher_id,23428,488,328,0.6721311475409836,0.14836517226622103,0.6304803567398797,0.7137819383420875
pitcher_id,23302,477,261,0.5471698113207547,0.023403836045992166,0.5024988157032946,0.5918408069382148
pitcher_id,22414,475,304,0.64,0.11623402472523747,0.5968331355149151,0.6831668644850849
pitcher_id,24047,472,231,0.4894067796610169,-0.03435919561374562,0.4443087482626449,0.534504811059389
pitcher_id,22640,469,239,0.509594882729211,-0.014171092545551489,0.464351020030365,0.5548387454280571
pitcher_id,23955,467,229,0.49036402569593146,-0.03340194957883108,0.4450234562557479,0.535704595136115
pitcher_id,24197,464,230,0.4956896551724138,-0.02807632010234873,0.45019598787355253,0.5411833224712751
pitcher_id,23122,463,267,0.5766738660907127,0.052907890815950154,0.5316680904137826,0.6216796417676428
pitcher_id,24494,457,280,0.612691466083151,0.08892549080838841,0.568028514524893,0.6573544176414089
pitcher_id,22926,447,253,0.5659955257270693,0.04222955045230681,0.5200486577837852,0.6119423936703535
pitcher_id,24226,433,201,0.46420323325635104,-0.059562742018411496,0.4172282917503366,0.5111781747623655
pitcher_id,23053,430,283,0.6581395348837209,0.13437355960895836,0.6133057634803866,0.7029733062870552
pitcher_id,24179,427,242,0.5667447306791569,0.04297875540439433,0.5197436540712399,0.6137458072870738
pitcher_id,23361,426,233,0.5469483568075117,0.023182381532749208,0.49967697606606815,0.5942197375489553
pitcher_id,24482,425,179,0.4211764705882353,-0.10258950468652722,0.3742339132601572,0.46811902791631343
pitcher_id,23985,416,240,0.5769230769230769,0.05315710164831433,0.5294466495978207,0.624399504248333
pitcher_id,24314,413,174,0.4213075060532688,-0.10245846922149376,0.37368584183389075,0.4689291702726468
pitcher_id,23331,409,236,0.5770171149144254,0.05325113963966288,0.5291375536257338,0.6248966762031171
pitcher_id,23909,405,252,0.6222222222222222,0.09845624694745969,0.5750029246447508,0.6694415197996937
pitcher_id,23927,403,238,0.5905707196029777,0.06680474432821515,0.5425610239591171,0.6385804152468383
pitcher_id,23535,394,182,0.4619289340101523,-0.06183704126461026,0.41270057455376313,0.5111572934665414
pitcher_id,23952,391,217,0.5549872122762148,0.031221237001452296,0.5057270967154879,0.6042473278369418
pitcher_id,23933,378,201,0.5317460317460317,0.007980056471269203,0.4814419722713313,0.5820500912207323
pitcher_id,24094,374,188,0.5026737967914439,-0.02109217848331868,0.4519999277416352,0.5533476658412525
pitcher_id,23868,369,186,0.5040650406504065,-0.01970093462435607,0.4530499645199604,0.5550801167808526
pitcher_id,21595,368,170,0.46195652173913043,-0.06180945353563211,0.41101857920023155,0.5128944642780293
pitcher_id,24173,367,193,0.5258855585831063,0.00211958330834372,0.474798575825485,0.5769725413407275
pitcher_id,23499,364,210,0.5769230769230769,0.05315710164831433,0.5261686412090253,0.6276775126371285
pitcher_id,24487,363,181,0.4986225895316804,-0.025143385743082114,0.44718612436346095,0.5500590546998999
pitcher_id,23690,361,223,0.6177285318559557,0.09396255658119312,0.5675997393849588,0.6678573243269526
pitcher_id,23934,361,198,0.5484764542936288,0.02471047901886625,0.4971404969010703,0.5998124116861873
pitcher_id,24401,360,168,0.4666666666666667,-0.05709930860809587,0.4151310383338878,0.5182022949994456
pitcher_id,24248,359,274,0.7632311977715878,0.23946522249682523,0.7192568767268145,0.807205518816361
pitcher_id,23158,357,189,0.5294117647058824,0.005645789431119819,0.47763447777925994,0.5811890516325048
pitcher_id,24161,357,205,0.5742296918767507,0.05046371660198812,0.5229373566849704,0.6255220270685309
pitcher_id,23856,356,223,0.6264044943820225,0.10263851910725996,0.5761518029778234,0.6766571857862216
pitcher_id,22881,355,242,0.6816901408450704,0.15792416557030786,0.6332327030970404,0.7301475785931004
pitcher_id,23699,355,189,0.532394366197183,0.008628390922420515,0.4804906458953248,0.5842980864990412
pitcher_id,24537,355,177,0.49859154929577465,-0.02517442597898789,0.4465787561974721,0.5506043423940772
pitcher_id,23762,351,192,0.5470085470085471,0.023242571733784523,0.4949317130508366,0.5990853809662575
pitcher_id,23177,350,201,0.5742857142857143,0.05051973901095175,0.5224838764804781,0.6260875520909505
pitcher_id,24572,348,134,0.3850574712643678,-0.13870850401039475,0.3339309208401487,0.4361840216885869
pitcher_id,24399,346,143,0.41329479768786126,-0.11047117758690128,0.3614078694377608,0.4651817259379617
pitcher_id,23461,342,204,0.5964912280701754,0.07272525279541286,0.5444950360181442,0.6484874201222066
pitcher_id,24434,342,151,0.4415204678362573,-0.08224550743850523,0.3888918372670537,0.49414909840546095
pitcher_id,22428,336,182,0.5416666666666666,0.01790069139190409,0.488389243715699,0.5949440896176343
pitcher_id,23964,336,152,0.4523809523809524,-0.07138502289381016,0.39916058590901415,0.5056013188528906
pitcher_id,23783,332,162,0.4879518072289157,-0.03581416804584686,0.4341829367005553,0.5417206777572761
pitcher_id,23236,331,198,0.5981873111782477,0.07442133590348521,0.5453704611767806,0.6510041611797149
pitcher_id,23754,327,213,0.6513761467889908,0.12761017151422827,0.5997253923130783,0.7030269012649033
pitcher_id,24633,327,137,0.41896024464831805,-0.1048057306264445,0.3654826916959855,0.4724377976006506
pitcher_id,23342,325,184,0.5661538461538461,0.04238787087908358,0.5122711277756218,0.6200365645320705
pitcher_id,21733,322,178,0.5527950310559007,0.029029055781138124,0.4984870683598381,0.6071029937519633
pitcher_id,22233,322,164,0.5093167701863354,-0.014449205088427175,0.45471298728088005,0.5639205530917907
pitcher_id,23024,318,157,0.4937106918238994,-0.03005528345086317,0.43875936848167546,0.5486620151661232
pitcher_id,24017,303,116,0.38283828382838286,-0.14092769144637968,0.3281062071803545,0.43757036047641124
pitcher_id,22923,299,160,0.5351170568561873,0.011351081581424727,0.47858215008608024,0.5916519636262944
pitcher_id,22815,298,180,0.6040268456375839,0.08026087036282137,0.5484992419890857,0.6595544492860821
pitcher_id,23175,298,189,0.6342281879194631,0.11046221264470057,0.5795422297027987,0.6889141461361276
pitcher_id,23596,297,167,0.5622895622895623,0.03852358701479974,0.5058671942990811,0.6187119302800435
pitcher_id,23968,297,137,0.4612794612794613,-0.06248651399530125,0.4045848643155445,0.517974058243378
pitcher_id,24167,297,187,0.6296296296296297,0.10586365435486711,0.5747086161021997,0.6845506431570596
pitcher_id,22869,295,124,0.42033898305084744,-0.1034269922239151,0.36400999552493846,0.4766679705767564
pitcher_id,22870,294,190,0.6462585034013606,0.12249252812659805,0.5916036736447705,0.7009133331579507
pitcher_id,24039,292,133,0.4554794520547945,-0.06828652321996803,0.39835708746565834,0.5126018166439307
pitcher_id,23819,292,124,0.4246575342465753,-0.09910844102818722,0.367962205533541,0.48135286295960966
pitcher_id,24317,291,129,0.44329896907216493,-0.08046700620259761,0.3862209423703866,0.5003769957739432
pitcher_id,22321,287,186,0.6480836236933798,0.12431764841861725,0.5928313206339668,0.7033359267527928
pitcher_id,24112,286,183,0.6398601398601399,0.11609416458537736,0.5842247444652046,0.6954955352550752
pitcher_id,23872,280,138,0.4928571428571429,-0.03090883241761966,0.4342969174477406,0.5514173682665451
pitcher_id,23139,272,159,0.5845588235294118,0.06079284825464926,0.5259935064151827,0.6431241406436409
pitcher_id,23182,272,142,0.5220588235294118,-0.0017071517453507434,0.46269545131372447,0.5814221957450991
pitcher_id,24349,271,103,0.3800738007380074,-0.14369217453675515,0.3222807808778071,0.4378668205982077
pitcher_id,23947,270,108,0.4,-0.12376597527476252,0.34156409018800554,0.4584359098119945
pitcher_id,24153,267,165,0.6179775280898876,0.09421155281512505,0.5596959587696327,0.6762590974101425
pitcher_id,23538,265,118,0.44528301886792454,-0.078482956406838,0.3854436600380492,0.5051223776977999
pitcher_id,21095,263,182,0.6920152091254753,0.16824923385071278,0.6362195192051622,0.7478108990457885
pitcher_id,23867,263,123,0.467680608365019,-0.05608536690974353,0.40737759393997236,0.5279836227900657
pitcher_id,22597,256,110,0.4296875,-0.09407847527476254,0.3690461454133122,0.4903288545866878
pitcher_id,23150,254,157,0.6181102362204725,0.09434426094570991,0.558359784938312,0.677860687502633
pitcher_id,23286,249,148,0.5943775100401606,0.07061153476539805,0.5333889197149032,0.655366100365418
pitcher_id,22548,248,133,0.5362903225806451,0.012524347305882588,0.4742243892214333,0.598356255939857
pitcher_id,23487,248,89,0.3588709677419355,-0.16489500753282704,0.29917127229744195,0.41857066318642905
pitcher_id,21415,246,137,0.556910569105691,0.03314459383092849,0.4948341090249016,0.6189870291864804
pitcher_id,24113,246,155,0.6300813008130082,0.10631532553824563,0.5697503797121878,0.6904122219138286
pitcher_id,24499,246,137,0.556910569105691,0.03314459383092849,0.4948341090249016,0.6189870291864804
pitcher_id,23082,244,144,0.5901639344262295,0.06639795915146696,0.5284543562290632,0.6518735126233958
pitcher_id,23097,242,94,0.3884297520661157,-0.13533622320864686,0.3270213485416884,0.44983815559054297
pitcher_id,22524,240,152,0.6333333333333333,0.10956735805857076,0.5723652785529509,0.6943013881137157
pitcher_id,22904,238,143,0.6008403361344538,0.07707436085969122,0.5386217042639115,0.663058968004996
pitcher_id,22784,231,109,0.47186147186147187,-0.05190450341329067,0.4074843930987002,0.5362385506242435
pitcher_id,24376,228,97,0.42543859649122806,-0.09832737878353448,0.3612622017679873,0.48961499121446883
pitcher_id,23738,227,123,0.5418502202643172,0.018084244989554632,0.4770335807347169,0.6066668597939174
pitcher_id,23764,225,121,0.5377777777777778,0.014011802503015258,0.47263119365151973,0.6029243619040359
pitcher_id,23850,220,130,0.5909090909090909,0.0671431156343284,0.5259387746215942,0.6558794071965877
pitcher_id,24579,220,89,0.40454545454545454,-0.119220520729308,0.33968907504093504,0.46940183404997404
pitcher_id,23023,219,124,0.5662100456621004,0.042444070387337884,0.5005709567468076,0.6318491345773932
pitcher_id,23360,215,127,0.5906976744186047,0.06693169914384212,0.5249710122198603,0.656424336617349
pitcher_id,24052,215,126,0.586046511627907,0.062280536353144456,0.5202082042204711,0.6518848190353429
pitcher_id,23879,213,137,0.6431924882629108,0.11942651298814821,0.5788565341625943,0.7075284423632272
pitcher_id,24102,212,119,0.5613207547169812,0.03755477944221863,0.49452217401443976,0.6281193354195226
pitcher_id,23343,210,96,0.45714285714285713,-0.06662311813190541,0.3897653139008144,0.5245204003848998
pitcher_id,23366,210,105,0.5,-0.02376597527476254,0.4323735751844493,0.5676264248155507
pitcher_id,23779,208,107,0.5144230769230769,-0.009342898351685669,0.44650057970864293,0.5823455741375109
pitcher_id,24247,208,106,0.5096153846153846,-0.01415059065937796,0.4416771766017642,0.577553592629005
pitcher_id,24277,208,89,0.42788461538461536,-0.09588135989014718,0.3606443292405552,0.49512490152867555
pitcher_id,22742,207,118,0.5700483091787439,0.0462823339039814,0.50260535890206,0.6374912594554278
pitcher_id,24334,201,87,0.43283582089552236,-0.09093015437924018,0.36433842875100625,0.5013332130400385
pitcher_id,23599,200,115,0.575,0.051234024725237415,0.506487555874863,0.6435124441251369
pitcher_id,24425,199,92,0.4623115577889447,-0.061454417485817814,0.3930388348107785,0.531584280767111
pitcher_id,24116,192,105,0.546875,0.02310902472523746,0.47646108297867207,0.6172889170213279
pitcher_id,24154,191,145,0.7591623036649214,0.2353963283901589,0.6985209429926396,0.8198036643372033
pitcher_id,24065,189,87,0.4603174603174603,-0.06344851495730225,0.3892578081544814,0.5313771124804392
pitcher_id,22821,188,109,0.5797872340425532,0.05602125876779063,0.5092292616517446,0.6503452064333617
pitcher_id,24253,188,133,0.7074468085106383,0.1836808332358758,0.6424149055212404,0.7724787115000363
pitcher_id,22539,186,98,0.5268817204301075,0.003115745155344962,0.4551285609505055,0.5986348799097094
pitcher_id,23895,181,86,0.47513812154696133,-0.04862785372780121,0.40238540114070864,0.547890841953214
pitcher_id,24502,181,86,0.47513812154696133,-0.04862785372780121,0.40238540114070864,0.547890841953214
pitcher_id,24097,180,80,0.4444444444444444,-0.07932153083031812,0.3718518518518518,0.517037037037037
pitcher_id,23923,180,89,0.49444444444444446,-0.029321530830318077,0.4214040662622832,0.5674848226266057
pitcher_id,23727,179,85,0.4748603351955307,-0.048905640079231816,0.4017043413771202,0.5480163290139413
pitcher_id,22250,178,114,0.6404494382022472,0.11668346292748466,0.5699527880820648,0.7109460883224296
pitcher_id,22960,177,102,0.576271186440678,0.052505211165915444,0.5034719390743845,0.6490704338069715
pitcher_id,24105,175,108,0.6171428571428571,0.09337688186809456,0.5451236597021747,0.6891620545835395
pitcher_id,24340,175,98,0.56,0.03623402472523751,0.48645428088596865,0.6335457191140315
pitcher_id,24027,174,99,0.5689655172413793,0.045199541966616796,0.49538201949162436,0.6425490149911344
pitcher_id,22156,172,108,0.627906976744186,0.10414100146942351,0.5556690512205396,0.7001449022678325
pitcher_id,23959,170,73,0.4294117647058823,-0.09435421056888021,0.35500199053498693,0.5038215388767777
pitcher_id,23680,169,114,0.6745562130177515,0.15079023774298894,0.6039147337753935,0.7451976922601095
pitcher_id,24268,169,88,0.5207100591715976,-0.003055916103164913,0.44539013745718226,0.596029980886013
pitcher_id,24452,167,69,0.41317365269461076,-0.11059232258015178,0.33849113544629944,0.4878561699429221
pitcher_id,21178,165,120,0.7272727272727273,0.20350675199796475,0.6593168481846778,0.7952286063607767
pitcher_id,23600,164,109,0.6646341463414634,0.1408681710667009,0.5923763199979903,0.7368919726849366
pitcher_id,22915,163,88,0.5398773006134969,0.016111325338734384,0.4633622918159028,0.616392309411091
pitcher_id,23240,163,95,0.5828220858895705,0.05905611061480798,0.5071229497004199,0.6585212220787211
pitcher_id,23384,159,74,0.46540880503144655,-0.05835717024331599,0.3878759623022957,0.5429416477605974
pitcher_id,24165,158,86,0.5443037974683544,0.020537822193591904,0.4666458487513092,0.6219617461853997
pitcher_id,24515,155,65,0.41935483870967744,-0.1044111365650851,0.3416699662361284,0.4970397111832265
pitcher_id,23931,154,98,0.6363636363636364,0.11259766108887381,0.5603866538078188,0.7123406189194539
pitcher_id,23740,152,91,0.5986842105263158,0.07491823525155328,0.5207593016481085,0.6766091194045232
pitcher_id,23516,151,115,0.7615894039735099,0.2378234286987474,0.6936235432848112,0.8295552646622086
pitcher_id,21587,150,103,0.6866666666666666,0.1629006913919041,0.6124354251654307,0.7608979081679026
pitcher_id,24373,147,70,0.47619047619047616,-0.04757549908428638,0.3954531334145431,0.5569278189664093
pitcher_id,22579,145,88,0.6068965517241379,0.08313057644937538,0.5273936771040293,0.6863994263442466
pitcher_id,24131,145,79,0.5448275862068965,0.02106161093213399,0.46377076250992416,0.625884409903869
pitcher_id,23966,143,76,0.5314685314685315,0.007702556193768917,0.44967928393908424,0.6132577789979786
pitcher_id,24486,142,52,0.36619718309859156,-0.15756879217617098,0.2869568155471063,0.44543755065007684
pitcher_id,23886,141,63,0.44680851063829785,-0.07695746463646469,0.3647459662314066,0.5288710550451892
pitcher_id,23479,141,70,0.49645390070921985,-0.027312074565542688,0.4139250880929607,0.578982713325479
pitcher_id,24377,139,63,0.45323741007194246,-0.07052856520282008,0.3704792280417128,0.5359955921021722
pitcher_id,24369,137,72,0.5255474452554745,0.001781469980711936,0.44192975882080876,0.6091651316901402
pitcher_id,24533,137,64,0.46715328467153283,-0.05661269060322971,0.3836070969129896,0.5506994724300761
pitcher_id,24516,132,43,0.32575757575757575,-0.1980083995171868,0.24580648269146102,0.4057086688236905
pitcher_id,23714,131,103,0.7862595419847328,0.26249356670997026,0.7160579831347622,0.8564611008347034
pitcher_id,23765,131,80,0.6106870229007634,0.08692104762600084,0.5271884199054386,0.6941856258960881
pitcher_id,23922,131,75,0.5725190839694656,0.04875310869470306,0.48780145878473447,0.6572367091541967
pitcher_id,23775,131,71,0.5419847328244275,0.018218757549664955,0.45666412760900804,0.627305338039847
pitcher_id,22029,129,82,0.6356589147286822,0.11189293945391965,0.552611262177678,0.7187065672796864
pitcher_id,22836,129,84,0.6511627906976745,0.12739681542291192,0.5689162944448009,0.7334092869505481
pitcher_id,23984,128,69,0.5390625,0.01529652472523746,0.45270666893268774,0.6254183310673123
pitcher_id,23497,126,74,0.5873015873015873,0.06353561202682478,0.5013373557377118,0.6732658188654629
pitcher_id,24596,125,68,0.544,0.0202340247252375,0.4566861906729526,0.6313138093270475
pitcher_id,23446,123,80,0.6504065040650406,0.1266405287902781,0.5661356053573225,0.7346774027727587
pitcher_id,24259,122,77,0.6311475409836066,0.10738156570884405,0.5455289759439557,0.7167661060232575
pitcher_id,23887,121,61,0.5041322314049587,-0.019633743869803877,0.4150443648804863,0.5932200979294311
pitcher_id,24045,121,43,0.35537190082644626,-0.16839407444831628,0.2700894750361601,0.44065432661673243
pitcher_id,24531,119,52,0.4369747899159664,-0.08679118535879615,0.3478548874698295,0.5260946923621033
pitcher_id,24398,112,57,0.5089285714285714,-0.014837403846191144,0.4163420409557213,0.6015151019014215
pitcher_id,24525,112,59,0.5267857142857143,0.0030197390109517608,0.4343173920072172,0.6192540365642114
pitcher_id,23519,109,72,0.6605504587155964,0.13678448344083383,0.5716542100216561,0.7494467074095367
pitcher_id,22722,109,72,0.6605504587155964,0.13678448344083383,0.5716542100216561,0.7494467074095367
pitcher_id,24135,108,82,0.7592592592592593,0.23549328398449676,0.6786260327462158,0.8398924857723028
pitcher_id,23884,108,73,0.6759259259259259,0.1521599506511634,0.5876553641893063,0.7641964876625456
pitcher_id,23488,108,47,0.4351851851851852,-0.08858079008957737,0.34168030359243334,0.5286900667779371
pitcher_id,23866,108,24,0.2222222222222222,-0.30154375305254033,0.1438132606859296,0.30063118375851483
pitcher_id,23921,107,46,0.42990654205607476,-0.09385943321868778,0.3361019199612009,0.5237111641509486
pitcher_id,24498,107,45,0.4205607476635514,-0.10320522761121115,0.3270239480198803,0.5140975473072225
pitcher_id,24446,106,70,0.660377358490566,0.13661138321580346,0.5702207546115591,0.7505339623695729
pitcher_id,24566,106,49,0.46226415094339623,-0.061501824331366306,0.3673496122494353,0.5571786896373572
pitcher_id,24229,105,68,0.6476190476190476,0.12385307234428511,0.5562440368524677,0.7389940583856276
pitcher_id,21588,101,63,0.6237623762376238,0.09999640096286122,0.5292832031104444,0.7182415493648031
pitcher_id,23910,99,59,0.5959595959595959,0.07219362068483337,0.4992968160151803,0.6926223759040115
pitcher_id,24580,99,36,0.36363636363636365,-0.1601296116383989,0.26887641763477377,0.4583963096379535
pitcher_id,23537,98,68,0.6938775510204082,0.17011157574564562,0.6026277257480006,0.7851273762928157
pitcher_id,24625,97,42,0.4329896907216495,-0.09077628455311304,0.33438343685591154,0.5315959445873875
pitcher_id,24577,94,43,0.4574468085106383,-0.06631916676412425,0.35673425514053375,0.5581593618807428
pitcher_id,23115,92,49,0.532608695652174,0.008842720377411406,0.4306541489342889,0.634563242370059
pitcher_id,22551,92,54,0.5869565217391305,0.06319054646436795,0.486341457559015,0.687571585919246
pitcher_id,24203,92,38,0.41304347826086957,-0.11072249701389297,0.31242841408075406,0.5136585424409851
pitcher_id,23943,89,61,0.6853932584269663,0.16162728315220376,0.5889182123720161,0.7818683044819165
pitcher_id,24198,87,53,0.6091954022988506,0.08542942702408807,0.5066645456935379,0.7117262589041633
pitcher_id,24518,87,44,0.5057471264367817,-0.018018848837980883,0.40068703886684154,0.6108072140067218
pitcher_id,24181,86,41,0.47674418604651164,-0.0470217892282509,0.37118243643344057,0.5823059356595827
pitcher_id,24339,86,42,0.4883720930232558,-0.03539388225150675,0.3827245557084087,0.5940196303381029
pitcher_id,24104,86,37,0.43023255813953487,-0.09353341713522767,0.32559025336448966,0.5348748629145801
pitcher_id,23491,85,57,0.6705882352941176,0.14682226001935506,0.5706701446794639,0.7705063259087713
pitcher_id,24244,85,39,0.4588235294117647,-0.06494244586299786,0.35288866815239106,0.5647583906711383
pitcher_id,24420,85,39,0.4588235294117647,-0.06494244586299786,0.35288866815239106,0.5647583906711383
pitcher_id,24552,85,45,0.5294117647058824,0.005645789431119819,0.4232999027194697,0.635523626692295
pitcher_id,23920,84,57,0.6785714285714286,0.15480545329666606,0.5786965067942377,0.7784463503486195
pitcher_id,23305,84,49,0.5833333333333334,0.05956735805857083,0.4779021200199093,0.6887645466467575
pitcher_id,24412,84,38,0.4523809523809524,-0.07138502289381016,0.3459402194370759,0.5588216853248289
pitcher_id,24156,82,51,0.6219512195121951,0.09818524423743258,0.5169966799417435,0.7269057590826468
pitcher_id,24276,81,37,0.4567901234567901,-0.06697585181797244,0.34830860805599245,0.5652716388575878
pitcher_id,24346,80,32,0.4,-0.12376597527476252,0.29264637872898747,0.5073536212710126
pitcher_id,23874,79,52,0.6582278481012658,0.13446187282650324,0.5536357227009746,0.762819973501557
pitcher_id,24478,78,35,0.44871794871794873,-0.07504802655681381,0.3383399749703639,0.5590959224655336
pitcher_id,23618,76,49,0.6447368421052632,0.12097086683050062,0.5371360161510582,0.7523376680594681
pitcher_id,24107,76,40,0.5263157894736842,0.0025498141989216405,0.4140578855092929,0.6385736934380755
pitcher_id,24048,75,34,0.4533333333333333,-0.07043264194142923,0.3406666361604249,0.5660000305062417
pitcher_id,23514,75,42,0.56,0.03623402472523751,0.44765705837333025,0.6723429416266699
pitcher_id,24267,72,36,0.5,-0.02376597527476254,0.38450589240619726,0.6154941075938027
pitcher_id,21571,71,47,0.6619718309859155,0.13820585571115296,0.5519387944670375,0.7720048675047935
pitcher_id,24201,71,32,0.4507042253521127,-0.07306174992264985,0.334966260624249,0.5664421900799763
pitcher_id,23936,70,33,0.4714285714285714,-0.05233740384619112,0.35448756065818343,0.5883695821989594
pitcher_id,24598,69,23,0.3333333333333333,-0.19043264194142923,0.22210247998085683,0.44456418668580977
pitcher_id,23324,66,49,0.7424242424242424,0.2186582671494799,0.6369217623694331,0.8479267224790518
pitcher_id,24184,65,29,0.4461538461538462,-0.07761212912091636,0.3253067314792678,0.5670009608284245
pitcher_id,23785,64,39,0.609375,0.08560902472523746,0.48984183518690566,0.7289081648130944
pitcher_id,23447,63,42,0.6666666666666666,0.1429006913919041,0.5502595479670329,0.7830737853663003
pitcher_id,23721,63,28,0.4444444444444444,-0.07932153083031812,0.3217405674616376,0.5671483214272512
pitcher_id,24281,63,37,0.5873015873015873,0.06353561202682478,0.46572980514497314,0.7088733694582015
pitcher_id,23598,61,53,0.8688524590163934,0.34508648374163087,0.7841405932464816,0.9535643247863053
pitcher_id,23967,60,32,0.5333333333333333,0.009567358058570785,0.40709734034430534,0.6595693263223613
pitcher_id,23950,60,44,0.7333333333333333,0.20956735805857074,0.621437085092517,0.8452295815741495
pitcher_id,24370,60,40,0.6666666666666666,0.1429006913919041,0.5473848652544304,0.7859484680789028
pitcher_id,24450,60,29,0.48333333333333334,-0.040432641941429204,0.35688618436791986,0.6097804822987468
pitcher_id,23794,59,33,0.559322033898305,0.0355560586235425,0.4326380542545971,0.686006013542013
pitcher_id,24170,58,26,0.4482758620689655,-0.07549011320579702,0.3202859489808223,0.5762657751571088
pitcher_id,23615,56,31,0.5535714285714286,0.029805453296666062,0.42336726197143076,0.6837755951714264
pitcher_id,23624,56,47,0.8392857142857143,0.31551973901095176,0.7430925492478594,0.9354788793235692
pitcher_id,24338,56,25,0.44642857142857145,-0.07733740384619109,0.3162244048285736,0.5766327380285693
pitcher_id,24069,55,31,0.5636363636363636,0.03987038836160106,0.4325678106200809,0.6947049166526463
pitcher_id,24358,55,30,0.5454545454545454,0.021688570179782873,0.41385855146209516,0.6770505394469957
pitcher_id,24394,55,29,0.5272727272727272,0.0035067519979646855,0.3953262772829166,0.6592191772625379
pitcher_id,23502,53,35,0.660377358490566,0.13661138321580346,0.5328766665473756,0.7878780504337564
pitcher_id,23575,53,38,0.7169811320754716,0.1932151568007091,0.5957037831767683,0.838258480974175
pitcher_id,23652,53,27,0.5094339622641509,-0.0143320130106116,0.37484457280827393,0.644023351720028
pitcher_id,23003,51,31,0.6078431372549019,0.08407716198013937,0.4738456507756258,0.741840623734178
pitcher_id,23194,51,36,0.7058823529411765,0.18211637766641398,0.5808283243163042,0.8309363815660489
pitcher_id,23708,50,37,0.74,0.21623402472523745,0.6184167906329168,0.8615832093670832
pitcher_id,24565,50,15,0.3,-0.22376597527476255,0.17297748231120594,0.42702251768879407
pitcher_id,24084,49,36,0.7346938775510204,0.2109279022762579,0.6110749766779694,0.8583127784240715
pitcher_id,23908,48,32,0.6666666666666666,0.1429006913919041,0.5333055584484714,0.8000277748848619
pitcher_id,24202,48,24,0.5,-0.02376597527476254,0.3585491840485417,0.6414508159514583
pitcher_id,22349,47,33,0.7021276595744681,0.17836168429970556,0.5713810992668406,0.8328742198820956
pitcher_id,24213,47,25,0.5319148936170213,0.008148918342258726,0.38925870088730413,0.6745710863467385
pitcher_id,23591,46,34,0.7391304347826086,0.2153644595078461,0.6122340044328708,0.8660268651323465
pitcher_id,23267,45,37,0.8222222222222222,0.29845624694745965,0.7105145103381456,0.9339299341062988
pitcher_id,23485,45,32,0.7111111111111111,0.1873451358363486,0.5786818469218187,0.8435403753004036
pitcher_id,24535,45,19,0.4222222222222222,-0.10154375305254032,0.2779107772800783,0.5665336671643662
pitcher_id,24168,43,25,0.5813953488372093,0.057629373562446795,0.4339403008287866,0.7288503968456321
pitcher_id,22305,42,22,0.5238095238095238,4.3548534761295166e-05,0.37276378631648893,0.6748552613025587
pitcher_id,24433,42,27,0.6428571428571429,0.11909116758238036,0.4979433753952485,0.7877709103190373
pitcher_id,22786,41,30,0.7317073170731707,0.20794134179840817,0.5960830962225014,0.86733153792384
pitcher_id,24602,41,21,0.5121951219512195,-0.011570853323543018,0.3591903656558928,0.6651998782465463
pitcher_id,23660,40,25,0.625,0.10123402472523746,0.47496875325453036,0.7750312467454696
pitcher_id,23117,39,30,0.7692307692307693,0.24546479395600673,0.6369974063198633,0.9014641321416752
pitcher_id,23431,39,20,0.5128205128205128,-0.010945462454249766,0.3559465168950686,0.6696945087459569
pitcher_id,24262,39,27,0.6923076923076923,0.16854171703292975,0.547453300865552,0.8371620837498326
pitcher_id,24246,37,25,0.6756756756756757,0.15190970040091312,0.5248365131074406,0.8265148382439107
pitcher_id,24380,37,15,0.40540540540540543,-0.11836056986935711,0.24720395705326467,0.5636068537575462
pitcher_id,23107,36,25,0.6944444444444444,0.17067846916968188,0.543967949326468,0.8449209395624209
pitcher_id,24609,36,21,0.5833333333333334,0.05956735805857083,0.42228449479339936,0.7443821718732674
pitcher_id,24311,35,31,0.8857142857142857,0.36194831043952314,0.7803084035254818,0.9911201679030895
pitcher_id,24391,35,12,0.34285714285714286,-0.18090883241761968,0.18560066445323098,0.5001136212610547
pitcher_id,24449,33,11,0.3333333333333333,-0.19043264194142923,0.17249378512033853,0.4941728815463281
pitcher_id,24564,33,13,0.3939393939393939,-0.12982658133536862,0.22722548461529885,0.5606533032634891
pitcher_id,24477,32,17,0.53125,0.007484024725237459,0.35834753133088293,0.7041524686691171
pitcher_id,23091,31,17,0.5483870967741935,0.024621121499430965,0.37320004290478614,0.7235741506436009
pitcher_id,24591,31,21,0.6774193548387096,0.1536533795639471,0.5128597719137113,0.8419789377637079
pitcher_id,23885,30,16,0.5333333333333333,0.009567358058570785,0.354808679988615,0.7118579866780517
pitcher_id,24036,30,20,0.6666666666666666,0.1429006913919041,0.497976725365188,0.8353566079681453
pitcher_id,23520,30,11,0.36666666666666664,-0.1570993086080959,0.19422296678282158,0.5391103665505117
pitcher_id,23449,29,18,0.6206896551724138,0.09692367989765127,0.4440892605730019,0.7972900497718257
pitcher_id,22332,28,9,0.32142857142857145,-0.2023374038461911,0.14844013250850951,0.4944170103486334
pitcher_id,23670,28,15,0.5357142857142857,0.011948310439523158,0.350984753695174,0.7204438177333974
pitcher_id,24015,28,18,0.6428571428571429,0.11909116758238036,0.46537474936415446,0.8203395363501313
pitcher_id,24374,28,8,0.2857142857142857,-0.23805168956047684,0.11838228040747059,0.45304629102110083
pitcher_id,24621,27,8,0.2962962962962963,-0.22746967897846626,0.12405700926764301,0.46853558332494954
pitcher_id,22203,26,21,0.8076923076923077,0.28392633241754517,0.6561999589578595,0.9591846564267559
pitcher_id,23729,26,14,0.5384615384615384,0.014695563186775895,0.3468371904257853,0.7300858864972916
pitcher_id,23763,26,11,0.4230769230769231,-0.10068905219783947,0.23317121377589872,0.6129826323779475
pitcher_id,24073,25,12,0.48,-0.04376597527476256,0.2841568627702262,0.6758431372297737
pitcher_id,24172,25,12,0.48,-0.04376597527476256,0.2841568627702262,0.6758431372297737
pitcher_id,21624,24,11,0.4583333333333333,-0.06543264194142923,0.2589874702005656,0.6576791964661011
pitcher_id,22763,24,15,0.625,0.10123402472523746,0.43131049331468674,0.8186895066853133
pitcher_id,23682,24,16,0.6666666666666666,0.1429006913919041,0.4780655787313889,0.8552677546019444
pitcher_id,24605,24,3,0.125,-0.39876597527476254,0.0,0.2573151225924938
pitcher_id,22345,23,12,0.5217391304347826,-0.0020268448399799466,0.3175882379179313,0.7258900229516339
pitcher_id,23873,23,18,0.782608695652174,0.2588427203774114,0.6140366441927293,0.9511807471116186
pitcher_id,21857,22,17,0.7727272727272727,0.24896129745251017,0.5976089806261913,0.9478455648283541
pitcher_id,23444,22,12,0.5454545454545454,0.021688570179782873,0.33738300946955657,0.7535260814395343
pitcher_id,23912,22,11,0.5,-0.02376597527476254,0.29106329797150177,0.7089367020284982
pitcher_id,23777,22,14,0.6363636363636364,0.11259766108887381,0.4353474351558506,0.8373798375714221
pitcher_id,22985,22,15,0.6818181818181818,0.15805220654341923,0.48718508191927334,0.8764512817170902
pitcher_id,23693,21,11,0.5238095238095238,4.3548534761295166e-05,0.3101985933082275,0.7374204543108202
pitcher_id,23262,21,11,0.5238095238095238,4.3548534761295166e-05,0.3101985933082275,0.7374204543108202
pitcher_id,24390,21,12,0.5714285714285714,0.047662596153808856,0.35976846654340416,0.7830886763137386
pitcher_id,21170,20,10,0.5,-0.02376597527476254,0.28086533820502063,0.7191346617949794
pitcher_id,24585,20,6,0.3,-0.22376597527476255,0.09915976498719187,0.500840235012808
pitcher_id,24587,20,9,0.45,-0.07376597527476253,0.23196376447938752,0.6680362355206125
pitcher_id,22842,19,15,0.7894736842105263,0.2657077089357638,0.6061572946724494,0.9727900737486033
pitcher_id,23659,19,10,0.5263157894736842,0.0025498141989216405,0.3017999815449016,0.7508315974024667
pitcher_id,24258,19,14,0.7368421052631579,0.2130761299883953,0.5388377742023904,0.9348464363239253
pitcher_id,24333,19,10,0.5263157894736842,0.0025498141989216405,0.3017999815449016,0.7508315974024667
pitcher_id,24597,19,7,0.3684210526315789,-0.1553449226431836,0.15151817542017268,0.5853239298429852
pitcher_id,23148,18,14,0.7777777777777778,0.25401180250301525,0.5857158307523482,0.9698397248032073
pitcher_id,24451,18,9,0.5,-0.02376597527476254,0.2690117848123945,0.7309882151876055
pitcher_id,23041,17,15,0.8823529411764706,0.358586965901708,0.7291936609713011,1.0
pitcher_id,23349,17,12,0.7058823529411765,0.18211637766641398,0.48928242167172487,0.9224822842106282
pitcher_id,24293,17,13,0.7647058823529411,0.24093990707817858,0.5630623201055759,0.9663494446003064
pitcher_id,23352,16,10,0.625,0.10123402472523746,0.3877797700447957,0.8622202299552043
pitcher_id,22372,15,10,0.6666666666666666,0.1429006913919041,0.4281030638421943,0.9052302694911389
pitcher_id,23476,14,7,0.5,-0.02376597527476254,0.2380839829258241,0.7619160170741759
pitcher_id,24254,14,10,0.7142857142857143,0.19051973901095176,0.47764252296172965,0.950928905609699
pitcher_id,23667,13,9,0.6923076923076923,0.16854171703292975,0.44141252663043484,0.9432028579849497
pitcher_id,24557,13,6,0.46153846153846156,-0.06222751373630098,0.19054070966539732,0.7325362134115259
pitcher_id,23116,10,7,0.7,0.17623402472523741,0.415969015774687,0.984030984225313
pitcher_id,22893,9,5,0.5555555555555556,0.03178958028079304,0.23091161215558614,0.8801994989555251
pitcher_id,24618,9,6,0.6666666666666666,0.1429006913919041,0.3586823797498592,0.974650953583474
pitcher_id,22739,8,5,0.625,0.10123402472523746,0.28951993352808575,0.9604800664719142
pitcher_id,23348,4,2,0.5,-0.02376597527476254,0.010000000000000009,0.99
pitcher_id,23983,2,2,1.0,0.47623402472523746,1.0,1.0
pitcher_score_diff_bin,0:1,540829,286079,0.5289638684316115,0.005197893156848932,0.527633517553346,0.530294219309877
pitcher_score_diff_bin,2:3,209524,109977,0.5248897501002272,0.001123774825464663,0.5227514412717174,0.527028058928737
pitcher_score_diff_bin,-1,158818,83516,0.5258597891926607,0.002093813917898202,0.5234039801975675,0.528315598187754
pitcher_score_diff_bin,-4:-3,139294,71912,0.516260571166023,-0.007505404108739566,0.5136361708043296,0.5188849715277164
pitcher_score_diff_bin,-2,117771,61560,0.5227093257253483,-0.0010566495494142014,0.5198566100491099,0.5255620414015868
pitcher_score_diff_bin,4:5,99688,52525,0.5268939089960677,0.003127933721305154,0.5237945242692353,0.5299932937229
pitcher_score_diff_bin,6+,87346,45211,0.5176081331715248,-0.006157842103237776,0.5142942660130163,0.5209220003300332
pitcher_score_diff_bin,-6:-5,67886,34621,0.5099873317031494,-0.01377864357161318,0.5062267995220718,0.5137478638842269
pitcher_score_diff_bin,<=-7,53936,27202,0.5043384752299022,-0.01942750004486038,0.5001188842178501,0.5085580662419542
pitcher_success_rate_bin,0.50-<0.55,557807,286807,0.5141688792001534,-0.009597096074609124,0.5128572543078453,0.5154805040924615
pitcher_success_rate_bin,0.55-<0.60,373405,205932,0.5514977035658334,0.027731728291070845,0.5499024849959905,0.5530929221356763
pitcher_success_rate_bin,0.45-<0.50,294316,141203,0.47976664537435953,-0.043999329900403006,0.4779617033465023,0.4815715874022168
pitcher_success_rate_bin,0.60-<0.65,114176,67389,0.5902203615470852,0.0664543862723227,0.5873676954499947,0.5930730276441758
pitcher_success_rate_bin,0.40-<0.45,65583,29448,0.449018800603815,-0.07474717467094755,0.44521199162780123,0.45282560957982876
pitcher_success_rate_bin,0.65+,53044,34282,0.6462936430133475,0.12252766773858492,0.6422247683431878,0.6503625176835072
pitcher_success_rate_bin,<0.40,15969,7105,0.44492454129876635,-0.07884143397599619,0.43721663538458166,0.45263244721295104
pitcher_success_rate_bin,<NA>,792,437,0.5517676767676768,0.028001701492914255,0.5171320386010521,0.5864033149343015
pitcher_team_id,13,208662,112406,0.5386989485387852,0.014932973264022653,0.5365600032568308,0.5408378938207395
pitcher_team_id,17,148166,77280,0.5215771499534306,-0.002188825321331911,0.5190335604243145,0.5241207394825468
pitcher_team_id,21,146794,75149,0.5119350927149611,-0.01183088255980147,0.5093779900746955,0.5144921953552266
pitcher_team_id,12,145926,77521,0.5312350095253758,0.007469034250613293,0.528674592767556,0.5337954262831957
pitcher_team_id,14,141953,74036,0.5215529083569914,-0.0022130669177711226,0.5189542455602175,0.5241515711537653
pitcher_team_id,15,137418,71416,0.519699020506775,-0.004066954767987574,0.5170574211819018,0.5223406198316481
pitcher_team_id,19,137001,69294,0.5057919285260691,-0.017974046748693406,0.5031444340228813,0.5084394230292569
pitcher_team_id,18,137000,74043,0.5404598540145985,0.016693878739835966,0.5378208549486249,0.5430988530805722
pitcher_team_id,16,136193,70248,0.5157974345230665,-0.007968540751696063,0.5131432457362434,0.5184516233098896
pitcher_team_id,20,130574,67912,0.5201035428186316,-0.0036624324561309596,0.5173936856849196,0.5228133999523435
pitcher_team_id,23,4437,2706,0.6098715348208249,0.08610555954606236,0.5955188100007862,0.6242242596408636
pitcher_team_id,22,676,468,0.6923076923076923,0.16854171703292975,0.6575147928994083,0.7271005917159763
pitcher_team_id,25,292,124,0.4246575342465753,-0.09910844102818722,0.367962205533541,0.48135286295960966
pitchmix_history_n_bin,"1k-4,999",740275,385560,0.5208334740468069,-0.0029325012279556306,0.5196954479801851,0.5219715001134287
pitchmix_history_n_bin,200-999,362466,192289,0.5305021712381299,0.006736195963367386,0.5288774352108807,0.5321269072653791
pitchmix_history_n_bin,5k+,239776,123082,0.5133207660483118,-0.010445209226450758,0.5113201256199905,0.515321406476633
pitchmix_history_n_bin,50-199,94843,51001,0.5377413198654619,0.013975344590699379,0.53456822780918,0.5409144119217438
pitchmix_history_n_bin,10-49,29830,16361,0.5484746899094871,0.02470871463472457,0.542827286780832,0.5541220930381422
pitchmix_history_n_bin,1-9,7110,3873,0.5447257383966245,0.020959763121861985,0.5331500515762068,0.5563014252170423
pitchmix_history_n_bin,0,792,437,0.5517676767676768,0.028001701492914255,0.5171320386010521,0.5864033149343015
recent3_success_rate_bin,0.50-<0.55,355090,184312,0.5190571404432679,-0.004708834831494646,0.5174137484151772,0.5207005324713586
recent3_success_rate_bin,0.45-<0.50,278619,139523,0.5007662793994666,-0.022999695875295934,0.4989096714694593,0.5026228873294739
recent3_success_rate_bin,0.55-<0.60,260990,140927,0.5399708801103491,0.016204904835586564,0.5380587300604509,0.5418830301602473
recent3_success_rate_bin,0.40-<0.45,169504,81810,0.4826434774400604,-0.04112249783470212,0.4802645878775154,0.4850223670026054
recent3_success_rate_bin,0.60-<0.65,152619,86241,0.5650738112554793,0.041307835980716745,0.5625866030651071,0.5675610194458515
recent3_success_rate_bin,0.65+,118803,72773,0.6125518715857343,0.08878589631097178,0.6097816112311968,0.6153221319402719
recent3_success_rate_bin,<0.40,110282,50941,0.46191581581763114,-0.061850159457131404,0.45897335773724446,0.4648582738980178
recent3_success_rate_bin,<NA>,29185,16076,0.5508309062874764,0.0270649310127139,0.5451241371304063,0.5565376754445466
recent_history_missing,present,1445907,756527,0.523219681487122,-0.0005462937876405949,0.5224055639933177,0.5240337989809262
recent_history_missing,missing,29185,16076,0.5508309062874764,0.0270649310127139,0.5451241371304063,0.5565376754445466
season,2024,253507,123231,0.4861049201797189,-0.03766105509504364,0.48415927639217443,0.4880505639672634
season,2022,247472,130893,0.5289204435249241,0.005154468250161526,0.5269537560916988,0.5308871309581493
season,2021,247088,131639,0.5327616072006734,0.008995631925910907,0.5307943281591918,0.5347288862421551
season,2023,245525,122752,0.49995723449750534,-0.023808740777257198,0.4979794534345726,0.5019350155604381
season,2020,244087,130028,0.5327116970588356,0.008945721784073046,0.5307323483232429,0.5346910457944283
season,2019,237413,134060,0.5646700054335694,0.04090403015880684,0.5626756136390132,0.5666643972281256
season_game_type,2024-R,223497,109448,0.4897067969592433,-0.034059178315519245,0.4876342795841556,0.491779314334331
season_game_type,2021-R,221227,113437,0.5127629086865527,-0.01100306658820982,0.5106800227939244,0.514845794579181
season_game_type,2020-R,220874,116384,0.5269248530836586,0.00315887780889601,0.5248426495401106,0.5290070566272065
season_game_type,2023-R,219839,110605,0.5031181910398064,-0.020647784234956168,0.5010280997268455,0.5052082823527673
season_game_type,2022-R,217024,109313,0.5036908360365674,-0.02007513923819515,0.5015872496028392,0.5057944224702956
season_game_type,2019-R,211627,116287,0.5494903769367803,0.025724401662017726,0.547370539218679,0.5516102146548816
season_game_type,2022-F,30448,21580,0.7087493431424067,0.18498336786764413,0.7036459799458442,0.7138527063389691
season_game_type,2024-F,30010,13783,0.45928023992002664,-0.0644857353547359,0.4536419412898213,0.46491853855023196
season_game_type,2021-F,25861,18202,0.7038397587100267,0.18007378343526415,0.6982751620632319,0.7094043553568214
season_game_type,2019-F,25786,17773,0.6892499806096332,0.16548400533487062,0.6836011565834427,0.6948988046358237
season_game_type,2023-F,25686,12147,0.47290352721326795,-0.05086244806149459,0.46679777516403936,0.47900927926249653
season_game_type,2020-F,23213,13644,0.5877740921035627,0.06400811682880014,0.5814417656391134,0.5941064185680119
season_month,2022-05,44865,24701,0.55056279950964,0.026796824234877503,0.5459598079828083,0.5551657910364718
season_month,2019-05,44713,25421,0.5685371144857201,0.044771139210957545,0.563946294128043,0.5731279348433972
season_month,2024-06,44514,21704,0.48757694208563596,-0.036189033189126585,0.4829334610929616,0.4922204230783103
season_month,2024-05,44078,21505,0.4878851127546622,-0.035880862520100365,0.48321865203204634,0.492551573477278
season_month,2020-09,43467,23406,0.5384774656636069,0.01471149038884434,0.5337908810761333,0.5431640502510805
season_month,2021-06,43100,23215,0.538631090487239,0.014865115212476465,0.5339247070416584,0.5433374739328196
season_month,2021-09,42805,22717,0.5307090293190048,0.006943054044242225,0.5259812395320566,0.535436819105953
season_month,2024-04,42588,20959,0.49213393444162673,-0.03163204083313581,0.487385737735468,0.49688213114778546
season_month,2023-06,42446,21343,0.5028271215191066,-0.020938853755655962,0.49807047642882846,0.5075837666093848
season_month,2019-06,41941,23799,0.5674399752032617,0.043673999928499185,0.5626984306527775,0.572181519753746
season_month,2024-08,41920,20294,0.4841125954198473,-0.03965337985491524,0.47932854125865154,0.48889664958104306
season_month,2021-04,41889,22841,0.5452744157177302,0.021508440442967625,0.5405058438717256,0.5500429875637347
season_month,2022-09,41603,21493,0.516621397495373,-0.007144577779389594,0.5118193809423135,0.5214234140484324
season_month,2021-05,41581,22618,0.5439503619441571,0.020184386669394594,0.539163021648743,0.5487377022395713
season_month,2020-06,41502,22055,0.5314201725218062,0.007654197247043637,0.5266191651764878,0.5362211798671246
season_month,2022-04,41395,22086,0.5335426983935257,0.009776723118763209,0.528736821230549,0.5383485755565025
season_month,2023-04,41288,20093,0.4866547180778919,-0.03711125719687064,0.4818334708203287,0.4914759653354551
season_month,2020-05,40734,22120,0.5430353022045465,0.019269326929784003,0.5381976694193231,0.54787293498977
season_month,2020-10,40297,21194,0.5259448594188153,0.0021788841440527618,0.5210695267944608,0.5308201920431698
season_month,2022-06,39951,21449,0.5368826812845736,0.013116706009811074,0.5319930348982038,0.5417723276709434
season_month,2023-05,39576,19660,0.49676571659591673,-0.027000258678845812,0.4918396413561279,0.5016917918357056
season_month,2019-04,39478,22705,0.5751304524038705,0.051364477129107966,0.5702541628746587,0.5800067419330823
season_month,2020-07,39435,20850,0.5287181437809053,0.004952168506142773,0.5237913133412161,0.5336449742205945
season_month,2023-08,38825,19593,0.5046490663232454,-0.019116908951517186,0.4996756871751326,0.509622445471358
season_month,2020-08,38652,20403,0.527864017385905,0.004098042111142508,0.522887051482789,0.5328409832890211
season_month,2019-08,37934,20914,0.5513259872409976,0.027560011966235032,0.5463209024266305,0.5563310720553647
season_month,2021-10,37646,18490,0.49115443871858894,-0.032611536556173604,0.486104353761558,0.4962045236756199
season_month,2023-09,37141,18642,0.5019250962548127,-0.0218408790199498,0.4968400365043295,0.507010156005296
season_month,2022-08,36914,19135,0.5183670152245761,-0.005398960050186474,0.5132697491070617,0.5234642813420904
season_month,2022-07,33468,17365,0.5188538305246803,-0.004912144750082281,0.5135007691693766,0.5242068918799839
season_month,2024-09,33305,15842,0.47566431466746734,-0.048101660607295205,0.4703007151152618,0.4810279142196729
season_month,2024-07,33070,15870,0.47989114000604777,-0.043874835268714774,0.47450649017683155,0.485275789835264
season_month,2019-07,29821,16705,0.5601757151000972,0.036409739825334686,0.5545419762541564,0.5658094539460381
season_month,2019-09,29524,16522,0.559612518628912,0.035846543354149496,0.5539497389340066,0.5652752983238175
season_month,2023-07,28611,14426,0.5042116668414246,-0.01955430843333794,0.4984181249800359,0.5100052087028133
season_month,2021-08,27325,14661,0.5365416285452882,0.012775653270525655,0.5306289664070079,0.5424542906835685
season_month,2023-10,17638,8995,0.5099784556072117,-0.013787519667550874,0.5026008590145502,0.5173560521998731
season_month,2019-03,13395,7631,0.5696901829040687,0.04592420762930616,0.561305344303822,0.5780750215043154
season_month,2021-07,12742,7097,0.5569769266991054,0.03321095142434283,0.548351729246041,0.5656021241521697
season_month,2024-03,12361,6213,0.5026292371167381,-0.021136738158024415,0.4938148267067704,0.5114436475267058
season_month,2022-10,9276,4664,0.5028029322984044,-0.020963042976358093,0.4926278277187855,0.5129780368780235
season_month,2024-10,1671,844,0.5050867743865949,-0.018679200888167657,0.4811141613776718,0.5290593873955179
season_month,2019-10,607,363,0.5980230642504119,0.07425708897564931,0.5590179763964624,0.6370281521043613
strikes_before,0,608121,319187,0.5248741615566639,0.0011081862819013466,0.5236190191810203,0.5261293039323075
strikes_before,1,447852,236306,0.527643060653966,0.0038770853792035043,0.5261809034183874,0.5291052178895447
strikes_before,2,419119,217110,0.5180151699159428,-0.005750805358819777,0.5165023914960954,0.5195279483357901
top_bottom,T,752812,393808,0.5231159970882504,-0.0006499781865121346,0.5219877137302084,0.5242442804462925
top_bottom,B,722280,378795,0.5244434291410534,0.0006774538662908114,0.5232916911456867,0.52559516713642
